"sample_id","stationid","replicate","sampledate","depth","latitude","longitude","taxon","abundance","p_code","shallow","mid","deep"
"BOEM23-001_2023-09-26_1","BOEM23-001",1,2023-09-26,208,34.12909721,-119.3861965,"Mooreonuphis segmentispadix",51,"P308",NA,-35.364,-32.409
"BOEM23-001_2023-09-26_1","BOEM23-001",1,2023-09-26,208,34.12909721,-119.3861965,"Phisidia sanctaemariae",32,"P244",5.809,-37.354,-19.113
"BOEM23-001_2023-09-26_1","BOEM23-001",1,2023-09-26,208,34.12909721,-119.3861965,"Euphilomedes producta",19,"P181",NA,-9.836,26.781
"BOEM23-001_2023-09-26_1","BOEM23-001",1,2023-09-26,208,34.12909721,-119.3861965,"Amphiodia digitata",12,"P046",48.713,-8.565,-12.225
"BOEM23-001_2023-09-26_1","BOEM23-001",1,2023-09-26,208,34.12909721,-119.3861965,"Spiophanes berkeleyorum",11,"P477",24.199,33.753,38.763
"BOEM23-001_2023-09-26_1","BOEM23-001",1,2023-09-26,208,34.12909721,-119.3861965,"Decamastus gracilis",10,"P142",74.777,54.519,58.234
"BOEM23-001_2023-09-26_1","BOEM23-001",1,2023-09-26,208,34.12909721,-119.3861965,"Tellina carpenteri",8,"P499",36.785,51.344,49.099
"BOEM23-001_2023-09-26_1","BOEM23-001",1,2023-09-26,208,34.12909721,-119.3861965,"Euclymeninae",8,NA,NA,NA,NA
"BOEM23-001_2023-09-26_1","BOEM23-001",1,2023-09-26,208,34.12909721,-119.3861965,"Terebellidae",7,NA,NA,NA,NA
"BOEM23-001_2023-09-26_1","BOEM23-001",1,2023-09-26,208,34.12909721,-119.3861965,"Hippomedon sp",5,"P231",-20.043,-2.868,-8.715
"BOEM23-001_2023-09-26_1","BOEM23-001",1,2023-09-26,208,34.12909721,-119.3861965,"Tanaella propinquus",5,NA,NA,NA,NA
"BOEM23-001_2023-09-26_1","BOEM23-001",1,2023-09-26,208,34.12909721,-119.3861965,"Ampelisca sp",4,NA,NA,NA,NA
"BOEM23-001_2023-09-26_1","BOEM23-001",1,2023-09-26,208,34.12909721,-119.3861965,"Photis sp",4,"P388",14.734,7.944,-9.399
"BOEM23-001_2023-09-26_1","BOEM23-001",1,2023-09-26,208,34.12909721,-119.3861965,"Cirratulidae",4,NA,NA,NA,NA
"BOEM23-001_2023-09-26_1","BOEM23-001",1,2023-09-26,208,34.12909721,-119.3861965,"Prionospio sp",4,NA,NA,NA,NA
"BOEM23-001_2023-09-26_1","BOEM23-001",1,2023-09-26,208,34.12909721,-119.3861965,"Spatangoida",3,NA,NA,NA,NA
"BOEM23-001_2023-09-26_1","BOEM23-001",1,2023-09-26,208,34.12909721,-119.3861965,"Rhepoxynius bicuspidatus",3,"P440",12.528,-15.022,-16.271
"BOEM23-001_2023-09-26_1","BOEM23-001",1,2023-09-26,208,34.12909721,-119.3861965,"Caecognathia crenulatifrons",3,"P212",18.382,22.647,9.44
"BOEM23-001_2023-09-26_1","BOEM23-001",1,2023-09-26,208,34.12909721,-119.3861965,"Munnogonium tillerae",3,"P310",NA,-5.684,NA
"BOEM23-001_2023-09-26_1","BOEM23-001",1,2023-09-26,208,34.12909721,-119.3861965,"Ophiura luetkenii",3,"P347",NA,-7.506,-21.85
"BOEM23-001_2023-09-26_1","BOEM23-001",1,2023-09-26,208,34.12909721,-119.3861965,"Mediomastus sp",3,"P288",96.325,59.255,20.534
"BOEM23-001_2023-09-26_1","BOEM23-001",1,2023-09-26,208,34.12909721,-119.3861965,"Nephtys ferruginea",3,"P328",75.968,23.525,15.791
"BOEM23-001_2023-09-26_1","BOEM23-001",1,2023-09-26,208,34.12909721,-119.3861965,"Spiochaetopterus costarum Cmplx",3,"P476",36.412,54.492,16.588
"BOEM23-001_2023-09-26_1","BOEM23-001",1,2023-09-26,208,34.12909721,-119.3861965,"Amphipoda",2,NA,NA,NA,NA
"BOEM23-001_2023-09-26_1","BOEM23-001",1,2023-09-26,208,34.12909721,-119.3861965,"Diastylis crenellata",2,"P150",NA,0.532,8.117
"BOEM23-001_2023-09-26_1","BOEM23-001",1,2023-09-26,208,34.12909721,-119.3861965,"Haliophasma geminata",2,NA,NA,NA,NA
"BOEM23-001_2023-09-26_1","BOEM23-001",1,2023-09-26,208,34.12909721,-119.3861965,"Euclymeninae sp A",2,NA,NA,NA,NA
"BOEM23-001_2023-09-26_1","BOEM23-001",1,2023-09-26,208,34.12909721,-119.3861965,"Melinna oculata",2,"P294",12.891,31.649,-2.05
"BOEM23-001_2023-09-26_1","BOEM23-001",1,2023-09-26,208,34.12909721,-119.3861965,"Sabellidae",2,NA,NA,NA,NA
"BOEM23-001_2023-09-26_1","BOEM23-001",1,2023-09-26,208,34.12909721,-119.3861965,"Cuspidaria parapodema",1,"P138",NA,18.095,20.746
"BOEM23-001_2023-09-26_1","BOEM23-001",1,2023-09-26,208,34.12909721,-119.3861965,"Axinopsida serricata",1,"P079",69.746,26.965,60.36
"BOEM23-001_2023-09-26_1","BOEM23-001",1,2023-09-26,208,34.12909721,-119.3861965,"Ampelisca hancocki",1,"P030",22.386,-10.34,-11.71
"BOEM23-001_2023-09-26_1","BOEM23-001",1,2023-09-26,208,34.12909721,-119.3861965,"Tritella tenuissima",1,NA,NA,NA,NA
"BOEM23-001_2023-09-26_1","BOEM23-001",1,2023-09-26,208,34.12909721,-119.3861965,"Eudorella truncatula",1,NA,NA,NA,NA
"BOEM23-001_2023-09-26_1","BOEM23-001",1,2023-09-26,208,34.12909721,-119.3861965,"Eudorellopsis longirostris",1,"P174",NA,-28.987,-23.081
"BOEM23-001_2023-09-26_1","BOEM23-001",1,2023-09-26,208,34.12909721,-119.3861965,"Procampylaspis caenosa",1,"P427",NA,-28.012,-30.863
"BOEM23-001_2023-09-26_1","BOEM23-001",1,2023-09-26,208,34.12909721,-119.3861965,"Ilyarachna acarina",1,"P237",NA,NA,-25.503
"BOEM23-001_2023-09-26_1","BOEM23-001",1,2023-09-26,208,34.12909721,-119.3861965,"Podocopa",1,NA,NA,NA,NA
"BOEM23-001_2023-09-26_1","BOEM23-001",1,2023-09-26,208,34.12909721,-119.3861965,"Notomastus latericeus",1,"P336",73.858,96.865,54.134
"BOEM23-001_2023-09-26_1","BOEM23-001",1,2023-09-26,208,34.12909721,-119.3861965,"Onuphidae",1,NA,NA,NA,NA
"BOEM23-001_2023-09-26_1","BOEM23-001",1,2023-09-26,208,34.12909721,-119.3861965,"Pholoe glabra",1,"P385",39.885,-4.777,15.446
"BOEM23-001_2023-09-26_1","BOEM23-001",1,2023-09-26,208,34.12909721,-119.3861965,"Malmgreniella baschi",1,"P284",24.334,-2.573,9.459
"BOEM23-001_2023-09-26_1","BOEM23-001",1,2023-09-26,208,34.12909721,-119.3861965,"Subadyte mexicana",1,"P489",NA,-13.397,-1.391
"BOEM23-001_2023-09-26_1","BOEM23-001",1,2023-09-26,208,34.12909721,-119.3861965,"Syllis heterochaeta",1,"P491",5.103,5.754,15.133
"BOEM23-001_2023-09-26_1","BOEM23-001",1,2023-09-26,208,34.12909721,-119.3861965,"Pectinaria californiensis",1,"P378",40.764,28.054,31.229
"BOEM23-001_2023-09-26_1","BOEM23-001",1,2023-09-26,208,34.12909721,-119.3861965,"Paraprionospio alata",1,"P373",10.608,21.746,38.608
"BOEM23-001_2023-09-26_1","BOEM23-001",1,2023-09-26,208,34.12909721,-119.3861965,"Polycirrus sp",1,"P418",-1.05,-5.026,1.856
"BOEM23-001_2023-09-26_1","BOEM23-001",1,2023-09-26,208,34.12909721,-119.3861965,"Levinsenia gracilis",1,"P258",59.141,25.039,12.643
"BOEM23-002_2023-09-26_1","BOEM23-002",1,2023-09-26,230,34.11460964,-119.3912443,"Mooreonuphis segmentispadix",25,"P308",NA,-35.364,-32.409
"BOEM23-002_2023-09-26_1","BOEM23-002",1,2023-09-26,230,34.11460964,-119.3912443,"Spiochaetopterus costarum Cmplx",24,"P476",36.412,54.492,16.588
"BOEM23-002_2023-09-26_1","BOEM23-002",1,2023-09-26,230,34.11460964,-119.3912443,"Tellina carpenteri",10,"P499",36.785,51.344,49.099
"BOEM23-002_2023-09-26_1","BOEM23-002",1,2023-09-26,230,34.11460964,-119.3912443,"Praxillella pacifica",7,"P422",12.968,15.645,10.416
"BOEM23-002_2023-09-26_1","BOEM23-002",1,2023-09-26,230,34.11460964,-119.3912443,"Amphiodia digitata",6,"P046",48.713,-8.565,-12.225
"BOEM23-002_2023-09-26_1","BOEM23-002",1,2023-09-26,230,34.11460964,-119.3912443,"Pista wui",6,"P402",19.918,36.177,30.233
"BOEM23-002_2023-09-26_1","BOEM23-002",1,2023-09-26,230,34.11460964,-119.3912443,"Hippomedon sp",5,"P231",-20.043,-2.868,-8.715
"BOEM23-002_2023-09-26_1","BOEM23-002",1,2023-09-26,230,34.11460964,-119.3912443,"Diastylis crenellata",4,"P150",NA,0.532,8.117
"BOEM23-002_2023-09-26_1","BOEM23-002",1,2023-09-26,230,34.11460964,-119.3912443,"Prionospio sp",4,NA,NA,NA,NA
"BOEM23-002_2023-09-26_1","BOEM23-002",1,2023-09-26,230,34.11460964,-119.3912443,"Cadulus californicus",4,NA,NA,NA,NA
"BOEM23-002_2023-09-26_1","BOEM23-002",1,2023-09-26,230,34.11460964,-119.3912443,"Anonyx lilljeborgi",3,"P056",NA,-24.381,NA
"BOEM23-002_2023-09-26_1","BOEM23-002",1,2023-09-26,230,34.11460964,-119.3912443,"Haliophasma geminata",3,NA,NA,NA,NA
"BOEM23-002_2023-09-26_1","BOEM23-002",1,2023-09-26,230,34.11460964,-119.3912443,"Glycera oxycephala",3,"P209",-4.07,10.41,-67.801
"BOEM23-002_2023-09-26_1","BOEM23-002",1,2023-09-26,230,34.11460964,-119.3912443,"Spiophanes berkeleyorum",3,"P477",24.199,33.753,38.763
"BOEM23-002_2023-09-26_1","BOEM23-002",1,2023-09-26,230,34.11460964,-119.3912443,"Foxiphalus cognatus",2,"P193",15.98,36.038,NA
"BOEM23-002_2023-09-26_1","BOEM23-002",1,2023-09-26,230,34.11460964,-119.3912443,"Ampelisca sp",2,NA,NA,NA,NA
"BOEM23-002_2023-09-26_1","BOEM23-002",1,2023-09-26,230,34.11460964,-119.3912443,"Rhepoxynius bicuspidatus",2,"P440",12.528,-15.022,-16.271
"BOEM23-002_2023-09-26_1","BOEM23-002",1,2023-09-26,230,34.11460964,-119.3912443,"Notomastus latericeus",2,"P336",73.858,96.865,54.134
"BOEM23-002_2023-09-26_1","BOEM23-002",1,2023-09-26,230,34.11460964,-119.3912443,"Phyllodoce groenlandica",2,"P391",6.246,35.74,34.881
"BOEM23-002_2023-09-26_1","BOEM23-002",1,2023-09-26,230,34.11460964,-119.3912443,"Aphelochaeta glandaria Cmplx",2,"P059",68.804,85.583,39.281
"BOEM23-002_2023-09-26_1","BOEM23-002",1,2023-09-26,230,34.11460964,-119.3912443,"Pectinaria californiensis",2,"P378",40.764,28.054,31.229
"BOEM23-002_2023-09-26_1","BOEM23-002",1,2023-09-26,230,34.11460964,-119.3912443,"Paraprionospio alata",2,"P373",10.608,21.746,38.608
"BOEM23-002_2023-09-26_1","BOEM23-002",1,2023-09-26,230,34.11460964,-119.3912443,"Terebellidae",2,NA,NA,NA,NA
"BOEM23-002_2023-09-26_1","BOEM23-002",1,2023-09-26,230,34.11460964,-119.3912443,"Westwoodilla tone",1,"P520",40.419,17.582,2.474
"BOEM23-002_2023-09-26_1","BOEM23-002",1,2023-09-26,230,34.11460964,-119.3912443,"Cuspidaria parapodema",1,"P138",NA,18.095,20.746
"BOEM23-002_2023-09-26_1","BOEM23-002",1,2023-09-26,230,34.11460964,-119.3912443,"Amygdalum pallidulum",1,"P052",NA,-23.374,-20.056
"BOEM23-002_2023-09-26_1","BOEM23-002",1,2023-09-26,230,34.11460964,-119.3912443,"Parvilucina tenuisculpta",1,"P377",61.347,84.084,76.67
"BOEM23-002_2023-09-26_1","BOEM23-002",1,2023-09-26,230,34.11460964,-119.3912443,"Thyasira flexuosa",1,"P506",39.968,45.541,42.655
"BOEM23-002_2023-09-26_1","BOEM23-002",1,2023-09-26,230,34.11460964,-119.3912443,"Tritella tenuissima",1,NA,NA,NA,NA
"BOEM23-002_2023-09-26_1","BOEM23-002",1,2023-09-26,230,34.11460964,-119.3912443,"Photis sp",1,"P388",14.734,7.944,-9.399
"BOEM23-002_2023-09-26_1","BOEM23-002",1,2023-09-26,230,34.11460964,-119.3912443,"Eudorella truncatula",1,NA,NA,NA,NA
"BOEM23-002_2023-09-26_1","BOEM23-002",1,2023-09-26,230,34.11460964,-119.3912443,"Gnathiidae",1,NA,NA,NA,NA
"BOEM23-002_2023-09-26_1","BOEM23-002",1,2023-09-26,230,34.11460964,-119.3912443,"Munnogonium tillerae",1,"P310",NA,-5.684,NA
"BOEM23-002_2023-09-26_1","BOEM23-002",1,2023-09-26,230,34.11460964,-119.3912443,"Nebalia pugettensis Cmplx",1,"P320",-2.995,26.044,NA
"BOEM23-002_2023-09-26_1","BOEM23-002",1,2023-09-26,230,34.11460964,-119.3912443,"Tanaopsis cadieni",1,NA,NA,NA,NA
"BOEM23-002_2023-09-26_1","BOEM23-002",1,2023-09-26,230,34.11460964,-119.3912443,"Euphilomedes producta",1,"P181",NA,-9.836,26.781
"BOEM23-002_2023-09-26_1","BOEM23-002",1,2023-09-26,230,34.11460964,-119.3912443,"Lumbrineris latreilli",1,"P270",49.381,30.228,19.076
"BOEM23-002_2023-09-26_1","BOEM23-002",1,2023-09-26,230,34.11460964,-119.3912443,"Eulalia sp",1,"P175",13.935,7.067,9.213
"BOEM23-002_2023-09-26_1","BOEM23-002",1,2023-09-26,230,34.11460964,-119.3912443,"Subadyte mexicana",1,"P489",NA,-13.397,-1.391
"BOEM23-002_2023-09-26_1","BOEM23-002",1,2023-09-26,230,34.11460964,-119.3912443,"Dipolydora socialis",1,"P419",18.707,28.911,-0.352
"BOEM23-002_2023-09-26_1","BOEM23-002",1,2023-09-26,230,34.11460964,-119.3912443,"Prionospio dubia",1,"P424",55.502,31.466,32.647
"BOEM23-002_2023-09-26_1","BOEM23-002",1,2023-09-26,230,34.11460964,-119.3912443,"Phascolion sp A",1,NA,NA,NA,NA
"BOEM23-003_2023-09-26_1","BOEM23-003",1,2023-09-26,232,34.11719307,-119.4065419,"Mooreonuphis segmentispadix",76,"P308",NA,-35.364,-32.409
"BOEM23-003_2023-09-26_1","BOEM23-003",1,2023-09-26,232,34.11719307,-119.4065419,"Spiochaetopterus costarum Cmplx",54,"P476",36.412,54.492,16.588
"BOEM23-003_2023-09-26_1","BOEM23-003",1,2023-09-26,232,34.11719307,-119.4065419,"Mediomastus sp",27,"P288",96.325,59.255,20.534
"BOEM23-003_2023-09-26_1","BOEM23-003",1,2023-09-26,232,34.11719307,-119.4065419,"Spiophanes berkeleyorum",13,"P477",24.199,33.753,38.763
"BOEM23-003_2023-09-26_1","BOEM23-003",1,2023-09-26,232,34.11719307,-119.4065419,"Diastylis crenellata",10,"P150",NA,0.532,8.117
"BOEM23-003_2023-09-26_1","BOEM23-003",1,2023-09-26,232,34.11719307,-119.4065419,"Paraprionospio alata",10,"P373",10.608,21.746,38.608
"BOEM23-003_2023-09-26_1","BOEM23-003",1,2023-09-26,232,34.11719307,-119.4065419,"Tellina carpenteri",7,"P499",36.785,51.344,49.099
"BOEM23-003_2023-09-26_1","BOEM23-003",1,2023-09-26,232,34.11719307,-119.4065419,"Praxillella pacifica",5,"P422",12.968,15.645,10.416
"BOEM23-003_2023-09-26_1","BOEM23-003",1,2023-09-26,232,34.11719307,-119.4065419,"Hippomedon sp",4,"P231",-20.043,-2.868,-8.715
"BOEM23-003_2023-09-26_1","BOEM23-003",1,2023-09-26,232,34.11719307,-119.4065419,"Notomastus latericeus",4,"P336",73.858,96.865,54.134
"BOEM23-003_2023-09-26_1","BOEM23-003",1,2023-09-26,232,34.11719307,-119.4065419,"Pectinaria californiensis",4,"P378",40.764,28.054,31.229
"BOEM23-003_2023-09-26_1","BOEM23-003",1,2023-09-26,232,34.11719307,-119.4065419,"Ampelisca hancocki",3,"P030",22.386,-10.34,-11.71
"BOEM23-003_2023-09-26_1","BOEM23-003",1,2023-09-26,232,34.11719307,-119.4065419,"Westwoodilla tone",3,"P520",40.419,17.582,2.474
"BOEM23-003_2023-09-26_1","BOEM23-003",1,2023-09-26,232,34.11719307,-119.4065419,"Rhepoxynius bicuspidatus",3,"P440",12.528,-15.022,-16.271
"BOEM23-003_2023-09-26_1","BOEM23-003",1,2023-09-26,232,34.11719307,-119.4065419,"Maldane sarsi",3,"P283",18.308,9.273,17.309
"BOEM23-003_2023-09-26_1","BOEM23-003",1,2023-09-26,232,34.11719307,-119.4065419,"Astropecten californicus",2,"P077",-5.982,6.538,-14.053
"BOEM23-003_2023-09-26_1","BOEM23-003",1,2023-09-26,232,34.11719307,-119.4065419,"Bivalvia",2,NA,NA,NA,NA
"BOEM23-003_2023-09-26_1","BOEM23-003",1,2023-09-26,232,34.11719307,-119.4065419,"Parvilucina tenuisculpta",2,"P377",61.347,84.084,76.67
"BOEM23-003_2023-09-26_1","BOEM23-003",1,2023-09-26,232,34.11719307,-119.4065419,"Rhepoxynius daboius",2,NA,NA,NA,NA
"BOEM23-003_2023-09-26_1","BOEM23-003",1,2023-09-26,232,34.11719307,-119.4065419,"Maldanidae",2,NA,NA,NA,NA
"BOEM23-003_2023-09-26_1","BOEM23-003",1,2023-09-26,232,34.11719307,-119.4065419,"Cuspidaria parapodema",1,"P138",NA,18.095,20.746
"BOEM23-003_2023-09-26_1","BOEM23-003",1,2023-09-26,232,34.11719307,-119.4065419,"Amygdalum pallidulum",1,"P052",NA,-23.374,-20.056
"BOEM23-003_2023-09-26_1","BOEM23-003",1,2023-09-26,232,34.11719307,-119.4065419,"Brissopsis pacifica",1,"P092",NA,NA,-8.77
"BOEM23-003_2023-09-26_1","BOEM23-003",1,2023-09-26,232,34.11719307,-119.4065419,"Cylichna diegensis",1,"P141",26.474,37.125,52.205
"BOEM23-003_2023-09-26_1","BOEM23-003",1,2023-09-26,232,34.11719307,-119.4065419,"Volvulella cylindrica",1,"P518",-2.706,12.912,NA
"BOEM23-003_2023-09-26_1","BOEM23-003",1,2023-09-26,232,34.11719307,-119.4065419,"Byblis veleronis",1,"P093",33.432,-4.665,-34.456
"BOEM23-003_2023-09-26_1","BOEM23-003",1,2023-09-26,232,34.11719307,-119.4065419,"Acidostoma hancocki",1,"P002",22.502,16.801,NA
"BOEM23-003_2023-09-26_1","BOEM23-003",1,2023-09-26,232,34.11719307,-119.4065419,"Halicoides synopiae",1,"P217",NA,-32.463,-15.4
"BOEM23-003_2023-09-26_1","BOEM23-003",1,2023-09-26,232,34.11719307,-119.4065419,"Anonyx lilljeborgi",1,"P056",NA,-24.381,NA
"BOEM23-003_2023-09-26_1","BOEM23-003",1,2023-09-26,232,34.11719307,-119.4065419,"Eudorella truncatula",1,NA,NA,NA,NA
"BOEM23-003_2023-09-26_1","BOEM23-003",1,2023-09-26,232,34.11719307,-119.4065419,"Leucon magnadentatus",1,NA,NA,NA,NA
"BOEM23-003_2023-09-26_1","BOEM23-003",1,2023-09-26,232,34.11719307,-119.4065419,"Haliophasma geminata",1,NA,NA,NA,NA
"BOEM23-003_2023-09-26_1","BOEM23-003",1,2023-09-26,232,34.11719307,-119.4065419,"Amphipholis squamata",1,"P048",19.694,-9.341,-10.04
"BOEM23-003_2023-09-26_1","BOEM23-003",1,2023-09-26,232,34.11719307,-119.4065419,"Euphilomedes carcharodonta",1,"P180",71.111,59.539,42.635
"BOEM23-003_2023-09-26_1","BOEM23-003",1,2023-09-26,232,34.11719307,-119.4065419,"Paranaitis polynoides",1,"P370",NA,40.897,NA
"BOEM23-003_2023-09-26_1","BOEM23-003",1,2023-09-26,232,34.11719307,-119.4065419,"Nephtys caecoides",1,"P326",8.18,32.782,24.566
"BOEM23-003_2023-09-26_1","BOEM23-003",1,2023-09-26,232,34.11719307,-119.4065419,"Onuphidae",1,NA,NA,NA,NA
"BOEM23-003_2023-09-26_1","BOEM23-003",1,2023-09-26,232,34.11719307,-119.4065419,"Parexogone molesta",1,"P190",NA,-10.261,NA
"BOEM23-003_2023-09-26_1","BOEM23-003",1,2023-09-26,232,34.11719307,-119.4065419,"Cirratulidae",1,NA,NA,NA,NA
"BOEM23-003_2023-09-26_1","BOEM23-003",1,2023-09-26,232,34.11719307,-119.4065419,"Magelona berkeleyi",1,"P281",26.808,29.525,-29.055
"BOEM23-003_2023-09-26_1","BOEM23-003",1,2023-09-26,232,34.11719307,-119.4065419,"Aricidea (Acmira) catherinae",1,"P004",40.792,32.302,0.577
"BOEM23-003_2023-09-26_1","BOEM23-003",1,2023-09-26,232,34.11719307,-119.4065419,"Antalis pretiosa",1,NA,NA,NA,NA
"BOEM23-003_2023-09-26_1","BOEM23-003",1,2023-09-26,232,34.11719307,-119.4065419,"Phascolion sp A",1,NA,NA,NA,NA
"BOEM23-004_2023-09-26_1","BOEM23-004",1,2023-09-26,234,34.12139568,-119.4210552,"Mooreonuphis segmentispadix",53,"P308",NA,-35.364,-32.409
"BOEM23-004_2023-09-26_1","BOEM23-004",1,2023-09-26,234,34.12139568,-119.4210552,"Spiochaetopterus costarum Cmplx",38,"P476",36.412,54.492,16.588
"BOEM23-004_2023-09-26_1","BOEM23-004",1,2023-09-26,234,34.12139568,-119.4210552,"Mediomastus sp",22,"P288",96.325,59.255,20.534
"BOEM23-004_2023-09-26_1","BOEM23-004",1,2023-09-26,234,34.12139568,-119.4210552,"Spiophanes berkeleyorum",16,"P477",24.199,33.753,38.763
"BOEM23-004_2023-09-26_1","BOEM23-004",1,2023-09-26,234,34.12139568,-119.4210552,"Notomastus latericeus",15,"P336",73.858,96.865,54.134
"BOEM23-004_2023-09-26_1","BOEM23-004",1,2023-09-26,234,34.12139568,-119.4210552,"Praxillella pacifica",13,"P422",12.968,15.645,10.416
"BOEM23-004_2023-09-26_1","BOEM23-004",1,2023-09-26,234,34.12139568,-119.4210552,"Paraprionospio alata",13,"P373",10.608,21.746,38.608
"BOEM23-004_2023-09-26_1","BOEM23-004",1,2023-09-26,234,34.12139568,-119.4210552,"Terebellidae",8,NA,NA,NA,NA
"BOEM23-004_2023-09-26_1","BOEM23-004",1,2023-09-26,234,34.12139568,-119.4210552,"Tellina carpenteri",7,"P499",36.785,51.344,49.099
"BOEM23-004_2023-09-26_1","BOEM23-004",1,2023-09-26,234,34.12139568,-119.4210552,"Amphiodia urtica",7,"P046",48.713,-8.565,-12.225
"BOEM23-004_2023-09-26_1","BOEM23-004",1,2023-09-26,234,34.12139568,-119.4210552,"Parvilucina tenuisculpta",5,"P377",61.347,84.084,76.67
"BOEM23-004_2023-09-26_1","BOEM23-004",1,2023-09-26,234,34.12139568,-119.4210552,"Haliophasma geminata",5,NA,NA,NA,NA
"BOEM23-004_2023-09-26_1","BOEM23-004",1,2023-09-26,234,34.12139568,-119.4210552,"Maldane sarsi",4,"P283",18.308,9.273,17.309
"BOEM23-004_2023-09-26_1","BOEM23-004",1,2023-09-26,234,34.12139568,-119.4210552,"Tubulanidae",3,NA,NA,NA,NA
"BOEM23-004_2023-09-26_1","BOEM23-004",1,2023-09-26,234,34.12139568,-119.4210552,"Thyasira flexuosa",3,"P506",39.968,45.541,42.655
"BOEM23-004_2023-09-26_1","BOEM23-004",1,2023-09-26,234,34.12139568,-119.4210552,"Westwoodilla tone",3,"P520",40.419,17.582,2.474
"BOEM23-004_2023-09-26_1","BOEM23-004",1,2023-09-26,234,34.12139568,-119.4210552,"Diastylis crenellata",3,"P150",NA,0.532,8.117
"BOEM23-004_2023-09-26_1","BOEM23-004",1,2023-09-26,234,34.12139568,-119.4210552,"Maldanidae",3,NA,NA,NA,NA
"BOEM23-004_2023-09-26_1","BOEM23-004",1,2023-09-26,234,34.12139568,-119.4210552,"Nephtys caecoides",3,"P326",8.18,32.782,24.566
"BOEM23-004_2023-09-26_1","BOEM23-004",1,2023-09-26,234,34.12139568,-119.4210552,"Prionospio sp",3,NA,NA,NA,NA
"BOEM23-004_2023-09-26_1","BOEM23-004",1,2023-09-26,234,34.12139568,-119.4210552,"Pista wui",3,"P402",19.918,36.177,30.233
"BOEM23-004_2023-09-26_1","BOEM23-004",1,2023-09-26,234,34.12139568,-119.4210552,"Aricidea (Acmira) catherinae",3,"P004",40.792,32.302,0.577
"BOEM23-004_2023-09-26_1","BOEM23-004",1,2023-09-26,234,34.12139568,-119.4210552,"Ampelisca sp",2,NA,NA,NA,NA
"BOEM23-004_2023-09-26_1","BOEM23-004",1,2023-09-26,234,34.12139568,-119.4210552,"Bruzelia tuberculata",2,NA,NA,NA,NA
"BOEM23-004_2023-09-26_1","BOEM23-004",1,2023-09-26,234,34.12139568,-119.4210552,"Munnogonium tillerae",2,"P310",NA,-5.684,NA
"BOEM23-004_2023-09-26_1","BOEM23-004",1,2023-09-26,234,34.12139568,-119.4210552,"Cirratulidae",2,NA,NA,NA,NA
"BOEM23-004_2023-09-26_1","BOEM23-004",1,2023-09-26,234,34.12139568,-119.4210552,"Owenia johnsoni",2,"P356",-9.305,24.705,NA
"BOEM23-004_2023-09-26_1","BOEM23-004",1,2023-09-26,234,34.12139568,-119.4210552,"Lineus bilineatus",1,NA,NA,NA,NA
"BOEM23-004_2023-09-26_1","BOEM23-004",1,2023-09-26,234,34.12139568,-119.4210552,"Cuspidaria parapodema",1,"P138",NA,18.095,20.746
"BOEM23-004_2023-09-26_1","BOEM23-004",1,2023-09-26,234,34.12139568,-119.4210552,"Pentamera populifera",1,NA,NA,NA,NA
"BOEM23-004_2023-09-26_1","BOEM23-004",1,2023-09-26,234,34.12139568,-119.4210552,"Ampelisca pacifica",1,"P033",50.377,-7.966,-2.442
"BOEM23-004_2023-09-26_1","BOEM23-004",1,2023-09-26,234,34.12139568,-119.4210552,"Rhepoxynius bicuspidatus",1,"P440",12.528,-15.022,-16.271
"BOEM23-004_2023-09-26_1","BOEM23-004",1,2023-09-26,234,34.12139568,-119.4210552,"Diastylis pellucida",1,"P149",NA,NA,39.525
"BOEM23-004_2023-09-26_1","BOEM23-004",1,2023-09-26,234,34.12139568,-119.4210552,"Caecognathia crenulatifrons",1,"P212",18.382,22.647,9.44
"BOEM23-004_2023-09-26_1","BOEM23-004",1,2023-09-26,234,34.12139568,-119.4210552,"Tanaella propinquus",1,NA,NA,NA,NA
"BOEM23-004_2023-09-26_1","BOEM23-004",1,2023-09-26,234,34.12139568,-119.4210552,"Chloeia pinnata",1,"P118",37.607,19.019,26.917
"BOEM23-004_2023-09-26_1","BOEM23-004",1,2023-09-26,234,34.12139568,-119.4210552,"Glycera americana",1,"P206",56.935,79.293,55.195
"BOEM23-004_2023-09-26_1","BOEM23-004",1,2023-09-26,234,34.12139568,-119.4210552,"Hemipodia simplex",1,NA,NA,NA,NA
"BOEM23-004_2023-09-26_1","BOEM23-004",1,2023-09-26,234,34.12139568,-119.4210552,"Scoletoma sp C",1,"P270",49.381,30.228,19.076
"BOEM23-004_2023-09-26_1","BOEM23-004",1,2023-09-26,234,34.12139568,-119.4210552,"Pholoe glabra",1,"P385",39.885,-4.777,15.446
"BOEM23-004_2023-09-26_1","BOEM23-004",1,2023-09-26,234,34.12139568,-119.4210552,"Sthenelais tertiaglabra",1,"P484",12.792,3.433,3.813
"BOEM23-004_2023-09-26_1","BOEM23-004",1,2023-09-26,234,34.12139568,-119.4210552,"Parexogone molesta",1,"P190",NA,-10.261,NA
"BOEM23-004_2023-09-26_1","BOEM23-004",1,2023-09-26,234,34.12139568,-119.4210552,"Lysippe sp A",1,"P272",53.993,20.063,4.144
"BOEM23-004_2023-09-26_1","BOEM23-004",1,2023-09-26,234,34.12139568,-119.4210552,"Dipolydora socialis",1,"P419",18.707,28.911,-0.352
"BOEM23-004_2023-09-26_1","BOEM23-004",1,2023-09-26,234,34.12139568,-119.4210552,"Leitoscoloplos pugettensis",1,"P248",42.489,47.53,8.019
"BOEM23-004_2023-09-26_1","BOEM23-004",1,2023-09-26,234,34.12139568,-119.4210552,"Aricidea (Acmira) lopezi",1,"P004",40.792,32.302,0.577
"BOEM23-004_2023-09-26_1","BOEM23-004",1,2023-09-26,234,34.12139568,-119.4210552,"Phascolion sp A",1,NA,NA,NA,NA
"BOEM23-005_2023-09-26_1","BOEM23-005",1,2023-09-26,206,34.13691855,-119.4108754,"Amphiodia urtica",13,"P046",48.713,-8.565,-12.225
"BOEM23-005_2023-09-26_1","BOEM23-005",1,2023-09-26,206,34.13691855,-119.4108754,"Nephasoma sp",12,NA,NA,NA,NA
"BOEM23-005_2023-09-26_1","BOEM23-005",1,2023-09-26,206,34.13691855,-119.4108754,"Euphilomedes producta",10,"P181",NA,-9.836,26.781
"BOEM23-005_2023-09-26_1","BOEM23-005",1,2023-09-26,206,34.13691855,-119.4108754,"Spiophanes berkeleyorum",9,"P477",24.199,33.753,38.763
"BOEM23-005_2023-09-26_1","BOEM23-005",1,2023-09-26,206,34.13691855,-119.4108754,"Praxillella pacifica",8,"P422",12.968,15.645,10.416
"BOEM23-005_2023-09-26_1","BOEM23-005",1,2023-09-26,206,34.13691855,-119.4108754,"Brissopsis pacifica",6,"P092",NA,NA,-8.77
"BOEM23-005_2023-09-26_1","BOEM23-005",1,2023-09-26,206,34.13691855,-119.4108754,"Caecognathia crenulatifrons",6,"P212",18.382,22.647,9.44
"BOEM23-005_2023-09-26_1","BOEM23-005",1,2023-09-26,206,34.13691855,-119.4108754,"Spiochaetopterus costarum Cmplx",6,"P476",36.412,54.492,16.588
"BOEM23-005_2023-09-26_1","BOEM23-005",1,2023-09-26,206,34.13691855,-119.4108754,"Photis brevipes",5,"P388",14.734,7.944,-9.399
"BOEM23-005_2023-09-26_1","BOEM23-005",1,2023-09-26,206,34.13691855,-119.4108754,"Mooreonuphis segmentispadix",5,"P308",NA,-35.364,-32.409
"BOEM23-005_2023-09-26_1","BOEM23-005",1,2023-09-26,206,34.13691855,-119.4108754,"Pectinaria californiensis",5,"P378",40.764,28.054,31.229
"BOEM23-005_2023-09-26_1","BOEM23-005",1,2023-09-26,206,34.13691855,-119.4108754,"Diastylis crenellata",4,"P150",NA,0.532,8.117
"BOEM23-005_2023-09-26_1","BOEM23-005",1,2023-09-26,206,34.13691855,-119.4108754,"Decamastus gracilis",4,"P142",74.777,54.519,58.234
"BOEM23-005_2023-09-26_1","BOEM23-005",1,2023-09-26,206,34.13691855,-119.4108754,"Axinopsida serricata",3,"P079",69.746,26.965,60.36
"BOEM23-005_2023-09-26_1","BOEM23-005",1,2023-09-26,206,34.13691855,-119.4108754,"Echinoidea",3,NA,NA,NA,NA
"BOEM23-005_2023-09-26_1","BOEM23-005",1,2023-09-26,206,34.13691855,-119.4108754,"Ampelisca sp",3,NA,NA,NA,NA
"BOEM23-005_2023-09-26_1","BOEM23-005",1,2023-09-26,206,34.13691855,-119.4108754,"Tritella tenuissima",3,NA,NA,NA,NA
"BOEM23-005_2023-09-26_1","BOEM23-005",1,2023-09-26,206,34.13691855,-119.4108754,"Eyakia robusta",3,"P191",NA,-40.378,-28.609
"BOEM23-005_2023-09-26_1","BOEM23-005",1,2023-09-26,206,34.13691855,-119.4108754,"Paraprionospio alata",3,"P373",10.608,21.746,38.608
"BOEM23-005_2023-09-26_1","BOEM23-005",1,2023-09-26,206,34.13691855,-119.4108754,"Pista wui",3,"P402",19.918,36.177,30.233
"BOEM23-005_2023-09-26_1","BOEM23-005",1,2023-09-26,206,34.13691855,-119.4108754,"Tellina carpenteri",2,"P499",36.785,51.344,49.099
"BOEM23-005_2023-09-26_1","BOEM23-005",1,2023-09-26,206,34.13691855,-119.4108754,"Westwoodilla tone",2,"P520",40.419,17.582,2.474
"BOEM23-005_2023-09-26_1","BOEM23-005",1,2023-09-26,206,34.13691855,-119.4108754,"Haliophasma geminata",2,NA,NA,NA,NA
"BOEM23-005_2023-09-26_1","BOEM23-005",1,2023-09-26,206,34.13691855,-119.4108754,"Nephtys caecoides",2,"P326",8.18,32.782,24.566
"BOEM23-005_2023-09-26_1","BOEM23-005",1,2023-09-26,206,34.13691855,-119.4108754,"Falcidens longus",1,"P062",37.876,19.196,9.938
"BOEM23-005_2023-09-26_1","BOEM23-005",1,2023-09-26,206,34.13691855,-119.4108754,"Ascidiacea",1,NA,NA,NA,NA
"BOEM23-005_2023-09-26_1","BOEM23-005",1,2023-09-26,206,34.13691855,-119.4108754,"Cuspidaria parapodema",1,"P138",NA,18.095,20.746
"BOEM23-005_2023-09-26_1","BOEM23-005",1,2023-09-26,206,34.13691855,-119.4108754,"Parvilucina tenuisculpta",1,"P377",61.347,84.084,76.67
"BOEM23-005_2023-09-26_1","BOEM23-005",1,2023-09-26,206,34.13691855,-119.4108754,"Cylichna diegensis",1,"P141",26.474,37.125,52.205
"BOEM23-005_2023-09-26_1","BOEM23-005",1,2023-09-26,206,34.13691855,-119.4108754,"Pentamera populifera",1,NA,NA,NA,NA
"BOEM23-005_2023-09-26_1","BOEM23-005",1,2023-09-26,206,34.13691855,-119.4108754,"Ampelisca agassizi",1,"P025",-3.159,3.787,-7.875
"BOEM23-005_2023-09-26_1","BOEM23-005",1,2023-09-26,206,34.13691855,-119.4108754,"Ampelisca careyi",1,"P028",16.113,-11.303,-7.789
"BOEM23-005_2023-09-26_1","BOEM23-005",1,2023-09-26,206,34.13691855,-119.4108754,"Nicippe tumida",1,"P333",NA,-26.901,4.317
"BOEM23-005_2023-09-26_1","BOEM23-005",1,2023-09-26,206,34.13691855,-119.4108754,"Rhepoxynius bicuspidatus",1,"P440",12.528,-15.022,-16.271
"BOEM23-005_2023-09-26_1","BOEM23-005",1,2023-09-26,206,34.13691855,-119.4108754,"Diastylis sentosa",1,"P148",NA,NA,-0.712
"BOEM23-005_2023-09-26_1","BOEM23-005",1,2023-09-26,206,34.13691855,-119.4108754,"Eudorellopsis longirostris",1,"P174",NA,-28.987,-23.081
"BOEM23-005_2023-09-26_1","BOEM23-005",1,2023-09-26,206,34.13691855,-119.4108754,"Campylaspis rubromaculata",1,"P099",4.168,-2.481,-13.521
"BOEM23-005_2023-09-26_1","BOEM23-005",1,2023-09-26,206,34.13691855,-119.4108754,"Ophiuroidea",1,NA,NA,NA,NA
"BOEM23-005_2023-09-26_1","BOEM23-005",1,2023-09-26,206,34.13691855,-119.4108754,"Amphipholis squamata",1,"P048",19.694,-9.341,-10.04
"BOEM23-005_2023-09-26_1","BOEM23-005",1,2023-09-26,206,34.13691855,-119.4108754,"Mediomastus sp",1,"P288",96.325,59.255,20.534
"BOEM23-005_2023-09-26_1","BOEM23-005",1,2023-09-26,206,34.13691855,-119.4108754,"Maldane sarsi",1,"P283",18.308,9.273,17.309
"BOEM23-005_2023-09-26_1","BOEM23-005",1,2023-09-26,206,34.13691855,-119.4108754,"Glycinde armigera",1,"P210",19.129,19.126,38.526
"BOEM23-005_2023-09-26_1","BOEM23-005",1,2023-09-26,206,34.13691855,-119.4108754,"Malmgreniella scriptoria",1,"P285",NA,-0.695,-0.05
"BOEM23-005_2023-09-26_1","BOEM23-005",1,2023-09-26,206,34.13691855,-119.4108754,"Cirratulidae",1,NA,NA,NA,NA
"BOEM23-005_2023-09-26_1","BOEM23-005",1,2023-09-26,206,34.13691855,-119.4108754,"Laonice sp",1,NA,NA,NA,NA
"BOEM23-005_2023-09-26_1","BOEM23-005",1,2023-09-26,206,34.13691855,-119.4108754,"Prionospio sp",1,NA,NA,NA,NA
"BOEM23-005_2023-09-26_1","BOEM23-005",1,2023-09-26,206,34.13691855,-119.4108754,"Polycirrus sp",1,"P418",-1.05,-5.026,1.856
"BOEM23-006_2023-09-27_1","BOEM23-006",1,2023-09-27,174.3,34.16686111,-119.4793862,"Spiophanes berkeleyorum",10,"P477",24.199,33.753,38.763
"BOEM23-006_2023-09-27_1","BOEM23-006",1,2023-09-27,174.3,34.16686111,-119.4793862,"Photis brevipes",5,"P388",14.734,7.944,-9.399
"BOEM23-006_2023-09-27_1","BOEM23-006",1,2023-09-27,174.3,34.16686111,-119.4793862,"Paradiopatra parva",5,"P365",10.703,-21.642,11.832
"BOEM23-006_2023-09-27_1","BOEM23-006",1,2023-09-27,174.3,34.16686111,-119.4793862,"Paraprionospio alata",5,"P373",10.608,21.746,38.608
"BOEM23-006_2023-09-27_1","BOEM23-006",1,2023-09-27,174.3,34.16686111,-119.4793862,"Pista wui",5,"P402",19.918,36.177,30.233
"BOEM23-006_2023-09-27_1","BOEM23-006",1,2023-09-27,174.3,34.16686111,-119.4793862,"Ampelisca sp",3,NA,NA,NA,NA
"BOEM23-006_2023-09-27_1","BOEM23-006",1,2023-09-27,174.3,34.16686111,-119.4793862,"Phascolion sp A",3,NA,NA,NA,NA
"BOEM23-006_2023-09-27_1","BOEM23-006",1,2023-09-27,174.3,34.16686111,-119.4793862,"Cuspidaria parapodema",2,"P138",NA,18.095,20.746
"BOEM23-006_2023-09-27_1","BOEM23-006",1,2023-09-27,174.3,34.16686111,-119.4793862,"Ampelisca hancocki",2,"P030",22.386,-10.34,-11.71
"BOEM23-006_2023-09-27_1","BOEM23-006",1,2023-09-27,174.3,34.16686111,-119.4793862,"Aruga holmesi",2,"P073",NA,-18.751,-22.396
"BOEM23-006_2023-09-27_1","BOEM23-006",1,2023-09-27,174.3,34.16686111,-119.4793862,"Rhepoxynius bicuspidatus",2,"P440",12.528,-15.022,-16.271
"BOEM23-006_2023-09-27_1","BOEM23-006",1,2023-09-27,174.3,34.16686111,-119.4793862,"Amphiodia urtica",2,"P046",48.713,-8.565,-12.225
"BOEM23-006_2023-09-27_1","BOEM23-006",1,2023-09-27,174.3,34.16686111,-119.4793862,"Pectinaria californiensis",2,"P378",40.764,28.054,31.229
"BOEM23-006_2023-09-27_1","BOEM23-006",1,2023-09-27,174.3,34.16686111,-119.4793862,"Falcidens longus",1,"P062",37.876,19.196,9.938
"BOEM23-006_2023-09-27_1","BOEM23-006",1,2023-09-27,174.3,34.16686111,-119.4793862,"Axinopsida serricata",1,"P079",69.746,26.965,60.36
"BOEM23-006_2023-09-27_1","BOEM23-006",1,2023-09-27,174.3,34.16686111,-119.4793862,"Brissopsis pacifica",1,"P092",NA,NA,-8.77
"BOEM23-006_2023-09-27_1","BOEM23-006",1,2023-09-27,174.3,34.16686111,-119.4793862,"Ampelisca careyi",1,"P028",16.113,-11.303,-7.789
"BOEM23-006_2023-09-27_1","BOEM23-006",1,2023-09-27,174.3,34.16686111,-119.4793862,"Caprella mendax",1,NA,NA,NA,NA
"BOEM23-006_2023-09-27_1","BOEM23-006",1,2023-09-27,174.3,34.16686111,-119.4793862,"Westwoodilla tone",1,"P520",40.419,17.582,2.474
"BOEM23-006_2023-09-27_1","BOEM23-006",1,2023-09-27,174.3,34.16686111,-119.4793862,"Diastylis crenellata",1,"P150",NA,0.532,8.117
"BOEM23-006_2023-09-27_1","BOEM23-006",1,2023-09-27,174.3,34.16686111,-119.4793862,"Caecognathia crenulatifrons",1,"P212",18.382,22.647,9.44
"BOEM23-006_2023-09-27_1","BOEM23-006",1,2023-09-27,174.3,34.16686111,-119.4793862,"Euphilomedes producta",1,"P181",NA,-9.836,26.781
"BOEM23-006_2023-09-27_1","BOEM23-006",1,2023-09-27,174.3,34.16686111,-119.4793862,"Decamastus gracilis",1,"P142",74.777,54.519,58.234
"BOEM23-006_2023-09-27_1","BOEM23-006",1,2023-09-27,174.3,34.16686111,-119.4793862,"Glycera nana",1,"P208",50.612,39.829,53.637
"BOEM23-006_2023-09-27_1","BOEM23-006",1,2023-09-27,174.3,34.16686111,-119.4793862,"Aglaophamus verrilli",1,"P015",NA,-16.538,-0.67
"BOEM23-006_2023-09-27_1","BOEM23-006",1,2023-09-27,174.3,34.16686111,-119.4793862,"Nephtys ferruginea",1,"P328",75.968,23.525,15.791
"BOEM23-006_2023-09-27_1","BOEM23-006",1,2023-09-27,174.3,34.16686111,-119.4793862,"Onuphis sp HYP2",1,NA,NA,NA,NA
"BOEM23-006_2023-09-27_1","BOEM23-006",1,2023-09-27,174.3,34.16686111,-119.4793862,"Spiochaetopterus costarum Cmplx",1,"P476",36.412,54.492,16.588
"BOEM23-006_2023-09-27_1","BOEM23-006",1,2023-09-27,174.3,34.16686111,-119.4793862,"Laonice sp",1,NA,NA,NA,NA
"BOEM23-006_2023-09-27_1","BOEM23-006",1,2023-09-27,174.3,34.16686111,-119.4793862,"Pista estevanica",1,"P404",27.467,9.459,-10.343
"BOEM23-007_2023-09-27_1","BOEM23-007",1,2023-09-27,97,34.1772708,-119.4568731,"Spiophanes berkeleyorum",42,"P477",24.199,33.753,38.763
"BOEM23-007_2023-09-27_1","BOEM23-007",1,2023-09-27,97,34.1772708,-119.4568731,"Amphiodia urtica",41,"P046",48.713,-8.565,-12.225
"BOEM23-007_2023-09-27_1","BOEM23-007",1,2023-09-27,97,34.1772708,-119.4568731,"Maldanidae",10,NA,NA,NA,NA
"BOEM23-007_2023-09-27_1","BOEM23-007",1,2023-09-27,97,34.1772708,-119.4568731,"Prionospio sp",9,NA,NA,NA,NA
"BOEM23-007_2023-09-27_1","BOEM23-007",1,2023-09-27,97,34.1772708,-119.4568731,"Chloeia pinnata",7,"P118",37.607,19.019,26.917
"BOEM23-007_2023-09-27_1","BOEM23-007",1,2023-09-27,97,34.1772708,-119.4568731,"Praxillella pacifica",4,"P422",12.968,15.645,10.416
"BOEM23-007_2023-09-27_1","BOEM23-007",1,2023-09-27,97,34.1772708,-119.4568731,"Pholoe glabra",4,"P385",39.885,-4.777,15.446
"BOEM23-007_2023-09-27_1","BOEM23-007",1,2023-09-27,97,34.1772708,-119.4568731,"Paraprionospio alata",4,"P373",10.608,21.746,38.608
"BOEM23-007_2023-09-27_1","BOEM23-007",1,2023-09-27,97,34.1772708,-119.4568731,"Halcampa decemtentaculata",3,NA,NA,NA,NA
"BOEM23-007_2023-09-27_1","BOEM23-007",1,2023-09-27,97,34.1772708,-119.4568731,"Ampelisca sp",3,NA,NA,NA,NA
"BOEM23-007_2023-09-27_1","BOEM23-007",1,2023-09-27,97,34.1772708,-119.4568731,"Caecognathia crenulatifrons",3,"P212",18.382,22.647,9.44
"BOEM23-007_2023-09-27_1","BOEM23-007",1,2023-09-27,97,34.1772708,-119.4568731,"Mooreonuphis segmentispadix",3,"P308",NA,-35.364,-32.409
"BOEM23-007_2023-09-27_1","BOEM23-007",1,2023-09-27,97,34.1772708,-119.4568731,"Spiochaetopterus costarum Cmplx",3,"P476",36.412,54.492,16.588
"BOEM23-007_2023-09-27_1","BOEM23-007",1,2023-09-27,97,34.1772708,-119.4568731,"Photis sp",2,"P388",14.734,7.944,-9.399
"BOEM23-007_2023-09-27_1","BOEM23-007",1,2023-09-27,97,34.1772708,-119.4568731,"Protomedeia sp",2,"P431",NA,-9.097,-13.027
"BOEM23-007_2023-09-27_1","BOEM23-007",1,2023-09-27,97,34.1772708,-119.4568731,"Eudorella truncatula",2,NA,NA,NA,NA
"BOEM23-007_2023-09-27_1","BOEM23-007",1,2023-09-27,97,34.1772708,-119.4568731,"Euphilomedes producta",2,"P181",NA,-9.836,26.781
"BOEM23-007_2023-09-27_1","BOEM23-007",1,2023-09-27,97,34.1772708,-119.4568731,"Mediomastus sp",2,"P288",96.325,59.255,20.534
"BOEM23-007_2023-09-27_1","BOEM23-007",1,2023-09-27,97,34.1772708,-119.4568731,"Travisia pupa",2,NA,NA,NA,NA
"BOEM23-007_2023-09-27_1","BOEM23-007",1,2023-09-27,97,34.1772708,-119.4568731,"Lumbrineris latreilli",2,"P270",49.381,30.228,19.076
"BOEM23-007_2023-09-27_1","BOEM23-007",1,2023-09-27,97,34.1772708,-119.4568731,"Sthenelanella uniformis",2,"P486",9.819,-6.649,-3.411
"BOEM23-007_2023-09-27_1","BOEM23-007",1,2023-09-27,97,34.1772708,-119.4568731,"Anobothrus gracilis",2,NA,NA,NA,NA
"BOEM23-007_2023-09-27_1","BOEM23-007",1,2023-09-27,97,34.1772708,-119.4568731,"Cirratulidae",2,NA,NA,NA,NA
"BOEM23-007_2023-09-27_1","BOEM23-007",1,2023-09-27,97,34.1772708,-119.4568731,"Bradabyssa pilosa",2,"P089",29.281,-5.334,NA
"BOEM23-007_2023-09-27_1","BOEM23-007",1,2023-09-27,97,34.1772708,-119.4568731,"Terebellidae",2,NA,NA,NA,NA
"BOEM23-007_2023-09-27_1","BOEM23-007",1,2023-09-27,97,34.1772708,-119.4568731,"Tubulanidae",1,NA,NA,NA,NA
"BOEM23-007_2023-09-27_1","BOEM23-007",1,2023-09-27,97,34.1772708,-119.4568731,"Ceriantharia",1,"P111",36.181,12.457,-18.352
"BOEM23-007_2023-09-27_1","BOEM23-007",1,2023-09-27,97,34.1772708,-119.4568731,"Ennucula tenuis",1,"P161",15.558,-0.374,-4.549
"BOEM23-007_2023-09-27_1","BOEM23-007",1,2023-09-27,97,34.1772708,-119.4568731,"Tellina carpenteri",1,"P499",36.785,51.344,49.099
"BOEM23-007_2023-09-27_1","BOEM23-007",1,2023-09-27,97,34.1772708,-119.4568731,"Axinopsida serricata",1,"P079",69.746,26.965,60.36
"BOEM23-007_2023-09-27_1","BOEM23-007",1,2023-09-27,97,34.1772708,-119.4568731,"Amphipoda",1,NA,NA,NA,NA
"BOEM23-007_2023-09-27_1","BOEM23-007",1,2023-09-27,97,34.1772708,-119.4568731,"Ampelisca careyi",1,"P028",16.113,-11.303,-7.789
"BOEM23-007_2023-09-27_1","BOEM23-007",1,2023-09-27,97,34.1772708,-119.4568731,"Ampelisca pacifica",1,"P033",50.377,-7.966,-2.442
"BOEM23-007_2023-09-27_1","BOEM23-007",1,2023-09-27,97,34.1772708,-119.4568731,"Cephalophoxoides homilis",1,"P109",NA,-29.654,-34.184
"BOEM23-007_2023-09-27_1","BOEM23-007",1,2023-09-27,97,34.1772708,-119.4568731,"Rhepoxynius bicuspidatus",1,"P440",12.528,-15.022,-16.271
"BOEM23-007_2023-09-27_1","BOEM23-007",1,2023-09-27,97,34.1772708,-119.4568731,"Hemilamprops californicus",1,"P223",-19.873,21.191,NA
"BOEM23-007_2023-09-27_1","BOEM23-007",1,2023-09-27,97,34.1772708,-119.4568731,"Haliophasma geminata",1,NA,NA,NA,NA
"BOEM23-007_2023-09-27_1","BOEM23-007",1,2023-09-27,97,34.1772708,-119.4568731,"Araphura breviaria",1,"P065",13.835,-0.356,6.653
"BOEM23-007_2023-09-27_1","BOEM23-007",1,2023-09-27,97,34.1772708,-119.4568731,"Tanaella propinquus",1,NA,NA,NA,NA
"BOEM23-007_2023-09-27_1","BOEM23-007",1,2023-09-27,97,34.1772708,-119.4568731,"Cossura sp",1,"P132",60.886,42.219,20.91
"BOEM23-007_2023-09-27_1","BOEM23-007",1,2023-09-27,97,34.1772708,-119.4568731,"Euclymeninae sp B",1,NA,NA,NA,NA
"BOEM23-007_2023-09-27_1","BOEM23-007",1,2023-09-27,97,34.1772708,-119.4568731,"Maldane sarsi",1,"P283",18.308,9.273,17.309
"BOEM23-007_2023-09-27_1","BOEM23-007",1,2023-09-27,97,34.1772708,-119.4568731,"Glycinde armigera",1,"P210",19.129,19.126,38.526
"BOEM23-007_2023-09-27_1","BOEM23-007",1,2023-09-27,97,34.1772708,-119.4568731,"Lumbrineridae",1,NA,NA,NA,NA
"BOEM23-007_2023-09-27_1","BOEM23-007",1,2023-09-27,97,34.1772708,-119.4568731,"Nephtyidae",1,NA,NA,NA,NA
"BOEM23-007_2023-09-27_1","BOEM23-007",1,2023-09-27,97,34.1772708,-119.4568731,"Aglaophamus verrilli",1,"P015",NA,-16.538,-0.67
"BOEM23-007_2023-09-27_1","BOEM23-007",1,2023-09-27,97,34.1772708,-119.4568731,"Nephtys caecoides",1,"P326",8.18,32.782,24.566
"BOEM23-007_2023-09-27_1","BOEM23-007",1,2023-09-27,97,34.1772708,-119.4568731,"Phyllodoce groenlandica",1,"P391",6.246,35.74,34.881
"BOEM23-007_2023-09-27_1","BOEM23-007",1,2023-09-27,97,34.1772708,-119.4568731,"Sthenelais tertiaglabra",1,"P484",12.792,3.433,3.813
"BOEM23-007_2023-09-27_1","BOEM23-007",1,2023-09-27,97,34.1772708,-119.4568731,"Ampharetidae",1,NA,NA,NA,NA
"BOEM23-007_2023-09-27_1","BOEM23-007",1,2023-09-27,97,34.1772708,-119.4568731,"Lysippe sp B",1,"P272",53.993,20.063,4.144
"BOEM23-007_2023-09-27_1","BOEM23-007",1,2023-09-27,97,34.1772708,-119.4568731,"Kirkegaardia siblina",1,"P059",68.804,85.583,39.281
"BOEM23-007_2023-09-27_1","BOEM23-007",1,2023-09-27,97,34.1772708,-119.4568731,"Pectinaria californiensis",1,"P378",40.764,28.054,31.229
"BOEM23-007_2023-09-27_1","BOEM23-007",1,2023-09-27,97,34.1772708,-119.4568731,"Pista wui",1,"P402",19.918,36.177,30.233
"BOEM23-007_2023-09-27_1","BOEM23-007",1,2023-09-27,97,34.1772708,-119.4568731,"Terebellides californica",1,"P503",24.927,-6.835,0.33
"BOEM23-007_2023-09-27_1","BOEM23-007",1,2023-09-27,97,34.1772708,-119.4568731,"Levinsenia gracilis",1,"P258",59.141,25.039,12.643
"BOEM23-007_2023-09-27_1","BOEM23-007",1,2023-09-27,97,34.1772708,-119.4568731,"Polyschides quadrifissatus",1,"P468",NA,-8.191,-5.356
"BOEM23-007_2023-09-27_1","BOEM23-007",1,2023-09-27,97,34.1772708,-119.4568731,"Phascolion sp A",1,NA,NA,NA,NA
"BOEM23-008_2023-09-27_1","BOEM23-008",1,2023-09-27,100.6,34.17742348,-119.4785067,"Amphiodia urtica",29,"P046",48.713,-8.565,-12.225
"BOEM23-008_2023-09-27_1","BOEM23-008",1,2023-09-27,100.6,34.17742348,-119.4785067,"Prionospio sp",14,NA,NA,NA,NA
"BOEM23-008_2023-09-27_1","BOEM23-008",1,2023-09-27,100.6,34.17742348,-119.4785067,"Mediomastus sp",13,"P288",96.325,59.255,20.534
"BOEM23-008_2023-09-27_1","BOEM23-008",1,2023-09-27,100.6,34.17742348,-119.4785067,"Spiophanes berkeleyorum",13,"P477",24.199,33.753,38.763
"BOEM23-008_2023-09-27_1","BOEM23-008",1,2023-09-27,100.6,34.17742348,-119.4785067,"Decamastus gracilis",10,"P142",74.777,54.519,58.234
"BOEM23-008_2023-09-27_1","BOEM23-008",1,2023-09-27,100.6,34.17742348,-119.4785067,"Chloeia pinnata",10,"P118",37.607,19.019,26.917
"BOEM23-008_2023-09-27_1","BOEM23-008",1,2023-09-27,100.6,34.17742348,-119.4785067,"Paraprionospio alata",8,"P373",10.608,21.746,38.608
"BOEM23-008_2023-09-27_1","BOEM23-008",1,2023-09-27,100.6,34.17742348,-119.4785067,"Euphilomedes producta",7,"P181",NA,-9.836,26.781
"BOEM23-008_2023-09-27_1","BOEM23-008",1,2023-09-27,100.6,34.17742348,-119.4785067,"Onuphis sp HYP2",6,NA,NA,NA,NA
"BOEM23-008_2023-09-27_1","BOEM23-008",1,2023-09-27,100.6,34.17742348,-119.4785067,"Pholoe glabra",6,"P385",39.885,-4.777,15.446
"BOEM23-008_2023-09-27_1","BOEM23-008",1,2023-09-27,100.6,34.17742348,-119.4785067,"Diastylis crenellata",5,"P150",NA,0.532,8.117
"BOEM23-008_2023-09-27_1","BOEM23-008",1,2023-09-27,100.6,34.17742348,-119.4785067,"Lumbrineris latreilli",5,"P270",49.381,30.228,19.076
"BOEM23-008_2023-09-27_1","BOEM23-008",1,2023-09-27,100.6,34.17742348,-119.4785067,"Caecognathia crenulatifrons",4,"P212",18.382,22.647,9.44
"BOEM23-008_2023-09-27_1","BOEM23-008",1,2023-09-27,100.6,34.17742348,-119.4785067,"Sternaspis affinis",4,"P483",34.246,-17.301,-1.458
"BOEM23-008_2023-09-27_1","BOEM23-008",1,2023-09-27,100.6,34.17742348,-119.4785067,"Cossura sp A",3,"P132",60.886,42.219,20.91
"BOEM23-008_2023-09-27_1","BOEM23-008",1,2023-09-27,100.6,34.17742348,-119.4785067,"Cirratulidae",3,NA,NA,NA,NA
"BOEM23-008_2023-09-27_1","BOEM23-008",1,2023-09-27,100.6,34.17742348,-119.4785067,"Amage anops",3,"P024",10.96,21.931,-14.182
"BOEM23-008_2023-09-27_1","BOEM23-008",1,2023-09-27,100.6,34.17742348,-119.4785067,"Levinsenia gracilis",3,"P258",59.141,25.039,12.643
"BOEM23-008_2023-09-27_1","BOEM23-008",1,2023-09-27,100.6,34.17742348,-119.4785067,"Ampelisca sp",2,NA,NA,NA,NA
"BOEM23-008_2023-09-27_1","BOEM23-008",1,2023-09-27,100.6,34.17742348,-119.4785067,"Eudorella truncatula",2,NA,NA,NA,NA
"BOEM23-008_2023-09-27_1","BOEM23-008",1,2023-09-27,100.6,34.17742348,-119.4785067,"Travisia pupa",2,NA,NA,NA,NA
"BOEM23-008_2023-09-27_1","BOEM23-008",1,2023-09-27,100.6,34.17742348,-119.4785067,"Glycera americana",2,"P206",56.935,79.293,55.195
"BOEM23-008_2023-09-27_1","BOEM23-008",1,2023-09-27,100.6,34.17742348,-119.4785067,"Parexogone molesta",2,"P190",NA,-10.261,NA
"BOEM23-008_2023-09-27_1","BOEM23-008",1,2023-09-27,100.6,34.17742348,-119.4785067,"Pectinaria californiensis",2,"P378",40.764,28.054,31.229
"BOEM23-008_2023-09-27_1","BOEM23-008",1,2023-09-27,100.6,34.17742348,-119.4785067,"Gastropteron pacificum",1,"P202",15.501,12.006,11.139
"BOEM23-008_2023-09-27_1","BOEM23-008",1,2023-09-27,100.6,34.17742348,-119.4785067,"Ampelisca careyi",1,"P028",16.113,-11.303,-7.789
"BOEM23-008_2023-09-27_1","BOEM23-008",1,2023-09-27,100.6,34.17742348,-119.4785067,"Ampelisca hancocki",1,"P030",22.386,-10.34,-11.71
"BOEM23-008_2023-09-27_1","BOEM23-008",1,2023-09-27,100.6,34.17742348,-119.4785067,"Ampelisca pacifica",1,"P033",50.377,-7.966,-2.442
"BOEM23-008_2023-09-27_1","BOEM23-008",1,2023-09-27,100.6,34.17742348,-119.4785067,"Byblis sp",1,NA,NA,NA,NA
"BOEM23-008_2023-09-27_1","BOEM23-008",1,2023-09-27,100.6,34.17742348,-119.4785067,"Photis sp",1,"P388",14.734,7.944,-9.399
"BOEM23-008_2023-09-27_1","BOEM23-008",1,2023-09-27,100.6,34.17742348,-119.4785067,"Aruga holmesi",1,"P073",NA,-18.751,-22.396
"BOEM23-008_2023-09-27_1","BOEM23-008",1,2023-09-27,100.6,34.17742348,-119.4785067,"Rhepoxynius sp",1,NA,NA,NA,NA
"BOEM23-008_2023-09-27_1","BOEM23-008",1,2023-09-27,100.6,34.17742348,-119.4785067,"Munnogonium tillerae",1,"P310",NA,-5.684,NA
"BOEM23-008_2023-09-27_1","BOEM23-008",1,2023-09-27,100.6,34.17742348,-119.4785067,"Pleurogonium sp A",1,NA,NA,NA,NA
"BOEM23-008_2023-09-27_1","BOEM23-008",1,2023-09-27,100.6,34.17742348,-119.4785067,"Chondrochelia dubia Cmplx",1,"P251",11.923,6.554,-22.34
"BOEM23-008_2023-09-27_1","BOEM23-008",1,2023-09-27,100.6,34.17742348,-119.4785067,"Cylindroleberididae",1,NA,NA,NA,NA
"BOEM23-008_2023-09-27_1","BOEM23-008",1,2023-09-27,100.6,34.17742348,-119.4785067,"Harbansus sp SD1",1,NA,NA,NA,NA
"BOEM23-008_2023-09-27_1","BOEM23-008",1,2023-09-27,100.6,34.17742348,-119.4785067,"Lumbrineridae",1,NA,NA,NA,NA
"BOEM23-008_2023-09-27_1","BOEM23-008",1,2023-09-27,100.6,34.17742348,-119.4785067,"Nephtys ferruginea",1,"P328",75.968,23.525,15.791
"BOEM23-008_2023-09-27_1","BOEM23-008",1,2023-09-27,100.6,34.17742348,-119.4785067,"Phyllodoce groenlandica",1,"P391",6.246,35.74,34.881
"BOEM23-008_2023-09-27_1","BOEM23-008",1,2023-09-27,100.6,34.17742348,-119.4785067,"Terebellides californica",1,"P503",24.927,-6.835,0.33
"BOEM23-008_2023-09-27_1","BOEM23-008",1,2023-09-27,100.6,34.17742348,-119.4785067,"Aricidea (Acmira) catherinae",1,"P004",40.792,32.302,0.577
"BOEM23-009_2023-09-27_1","BOEM23-009",1,2023-09-27,96.4,34.17727483,-119.4625488,"Amphiodia urtica",44,"P046",48.713,-8.565,-12.225
"BOEM23-009_2023-09-27_1","BOEM23-009",1,2023-09-27,96.4,34.17727483,-119.4625488,"Spiophanes berkeleyorum",21,"P477",24.199,33.753,38.763
"BOEM23-009_2023-09-27_1","BOEM23-009",1,2023-09-27,96.4,34.17727483,-119.4625488,"Mooreonuphis segmentispadix",7,"P308",NA,-35.364,-32.409
"BOEM23-009_2023-09-27_1","BOEM23-009",1,2023-09-27,96.4,34.17727483,-119.4625488,"Ampelisca sp",6,NA,NA,NA,NA
"BOEM23-009_2023-09-27_1","BOEM23-009",1,2023-09-27,96.4,34.17727483,-119.4625488,"Euphilomedes producta",6,"P181",NA,-9.836,26.781
"BOEM23-009_2023-09-27_1","BOEM23-009",1,2023-09-27,96.4,34.17727483,-119.4625488,"Maldane sarsi",6,"P283",18.308,9.273,17.309
"BOEM23-009_2023-09-27_1","BOEM23-009",1,2023-09-27,96.4,34.17727483,-119.4625488,"Chloeia pinnata",6,"P118",37.607,19.019,26.917
"BOEM23-009_2023-09-27_1","BOEM23-009",1,2023-09-27,96.4,34.17727483,-119.4625488,"Aglaophamus verrilli",5,"P015",NA,-16.538,-0.67
"BOEM23-009_2023-09-27_1","BOEM23-009",1,2023-09-27,96.4,34.17727483,-119.4625488,"Eudorella truncatula",4,NA,NA,NA,NA
"BOEM23-009_2023-09-27_1","BOEM23-009",1,2023-09-27,96.4,34.17727483,-119.4625488,"Mediomastus sp",4,"P288",96.325,59.255,20.534
"BOEM23-009_2023-09-27_1","BOEM23-009",1,2023-09-27,96.4,34.17727483,-119.4625488,"Prionospio sp",4,NA,NA,NA,NA
"BOEM23-009_2023-09-27_1","BOEM23-009",1,2023-09-27,96.4,34.17727483,-119.4625488,"Actiniaria",2,NA,NA,NA,NA
"BOEM23-009_2023-09-27_1","BOEM23-009",1,2023-09-27,96.4,34.17727483,-119.4625488,"Nicippe tumida",2,"P333",NA,-26.901,4.317
"BOEM23-009_2023-09-27_1","BOEM23-009",1,2023-09-27,96.4,34.17727483,-119.4625488,"Cephalophoxoides homilis",2,"P109",NA,-29.654,-34.184
"BOEM23-009_2023-09-27_1","BOEM23-009",1,2023-09-27,96.4,34.17727483,-119.4625488,"Rhepoxynius bicuspidatus",2,"P440",12.528,-15.022,-16.271
"BOEM23-009_2023-09-27_1","BOEM23-009",1,2023-09-27,96.4,34.17727483,-119.4625488,"Maldanidae",2,NA,NA,NA,NA
"BOEM23-009_2023-09-27_1","BOEM23-009",1,2023-09-27,96.4,34.17727483,-119.4625488,"Pholoe glabra",2,"P385",39.885,-4.777,15.446
"BOEM23-009_2023-09-27_1","BOEM23-009",1,2023-09-27,96.4,34.17727483,-119.4625488,"Spiochaetopterus costarum Cmplx",2,"P476",36.412,54.492,16.588
"BOEM23-009_2023-09-27_1","BOEM23-009",1,2023-09-27,96.4,34.17727483,-119.4625488,"Paraprionospio alata",2,"P373",10.608,21.746,38.608
"BOEM23-009_2023-09-27_1","BOEM23-009",1,2023-09-27,96.4,34.17727483,-119.4625488,"Levinsenia gracilis",2,"P258",59.141,25.039,12.643
"BOEM23-009_2023-09-27_1","BOEM23-009",1,2023-09-27,96.4,34.17727483,-119.4625488,"Falcidens longus",1,"P062",37.876,19.196,9.938
"BOEM23-009_2023-09-27_1","BOEM23-009",1,2023-09-27,96.4,34.17727483,-119.4625488,"Cuspidaria parapodema",1,"P138",NA,18.095,20.746
"BOEM23-009_2023-09-27_1","BOEM23-009",1,2023-09-27,96.4,34.17727483,-119.4625488,"Parvilucina tenuisculpta",1,"P377",61.347,84.084,76.67
"BOEM23-009_2023-09-27_1","BOEM23-009",1,2023-09-27,96.4,34.17727483,-119.4625488,"Molpadia intermedia",1,"P305",NA,-13.403,8.242
"BOEM23-009_2023-09-27_1","BOEM23-009",1,2023-09-27,96.4,34.17727483,-119.4625488,"Ampelisca careyi",1,"P028",16.113,-11.303,-7.789
"BOEM23-009_2023-09-27_1","BOEM23-009",1,2023-09-27,96.4,34.17727483,-119.4625488,"Ampelisca hancocki",1,"P030",22.386,-10.34,-11.71
"BOEM23-009_2023-09-27_1","BOEM23-009",1,2023-09-27,96.4,34.17727483,-119.4625488,"Ampelisca pacifica",1,"P033",50.377,-7.966,-2.442
"BOEM23-009_2023-09-27_1","BOEM23-009",1,2023-09-27,96.4,34.17727483,-119.4625488,"Byblis sp",1,NA,NA,NA,NA
"BOEM23-009_2023-09-27_1","BOEM23-009",1,2023-09-27,96.4,34.17727483,-119.4625488,"Protomedeia sp",1,"P431",NA,-9.097,-13.027
"BOEM23-009_2023-09-27_1","BOEM23-009",1,2023-09-27,96.4,34.17727483,-119.4625488,"Diastylis crenellata",1,"P150",NA,0.532,8.117
"BOEM23-009_2023-09-27_1","BOEM23-009",1,2023-09-27,96.4,34.17727483,-119.4625488,"Haliophasma geminata",1,NA,NA,NA,NA
"BOEM23-009_2023-09-27_1","BOEM23-009",1,2023-09-27,96.4,34.17727483,-119.4625488,"Caecognathia crenulatifrons",1,"P212",18.382,22.647,9.44
"BOEM23-009_2023-09-27_1","BOEM23-009",1,2023-09-27,96.4,34.17727483,-119.4625488,"Decamastus gracilis",1,"P142",74.777,54.519,58.234
"BOEM23-009_2023-09-27_1","BOEM23-009",1,2023-09-27,96.4,34.17727483,-119.4625488,"Cossura sp A",1,"P132",60.886,42.219,20.91
"BOEM23-009_2023-09-27_1","BOEM23-009",1,2023-09-27,96.4,34.17727483,-119.4625488,"Praxillella gracilis",1,"P422",12.968,15.645,10.416
"BOEM23-009_2023-09-27_1","BOEM23-009",1,2023-09-27,96.4,34.17727483,-119.4625488,"Praxillella pacifica",1,"P422",12.968,15.645,10.416
"BOEM23-009_2023-09-27_1","BOEM23-009",1,2023-09-27,96.4,34.17727483,-119.4625488,"Travisia pupa",1,NA,NA,NA,NA
"BOEM23-009_2023-09-27_1","BOEM23-009",1,2023-09-27,96.4,34.17727483,-119.4625488,"Acoetes pacifica",1,"P005",NA,-11.329,-14.796
"BOEM23-009_2023-09-27_1","BOEM23-009",1,2023-09-27,96.4,34.17727483,-119.4625488,"Nephtys caecoides",1,"P326",8.18,32.782,24.566
"BOEM23-009_2023-09-27_1","BOEM23-009",1,2023-09-27,96.4,34.17727483,-119.4625488,"Nephtys ferruginea",1,"P328",75.968,23.525,15.791
"BOEM23-009_2023-09-27_1","BOEM23-009",1,2023-09-27,96.4,34.17727483,-119.4625488,"Chaetozone hartmanae",1,"P108",NA,-8.594,0.116
"BOEM23-009_2023-09-27_1","BOEM23-009",1,2023-09-27,96.4,34.17727483,-119.4625488,"Sternaspis affinis",1,"P483",34.246,-17.301,-1.458
"BOEM23-009_2023-09-27_1","BOEM23-009",1,2023-09-27,96.4,34.17727483,-119.4625488,"Nephasoma sp",1,NA,NA,NA,NA
"BOEM23-009_2023-09-27_1","BOEM23-009",1,2023-09-27,96.4,34.17727483,-119.4625488,"Stylatula sp",0,NA,NA,NA,NA
"BOEM23-010_2023-09-27_1","BOEM23-010",1,2023-09-27,162.9,34.16882763,-119.4826017,"Mediomastus sp",121,"P288",96.325,59.255,20.534
"BOEM23-010_2023-09-27_1","BOEM23-010",1,2023-09-27,162.9,34.16882763,-119.4826017,"Mooreonuphis segmentispadix",33,"P308",NA,-35.364,-32.409
"BOEM23-010_2023-09-27_1","BOEM23-010",1,2023-09-27,162.9,34.16882763,-119.4826017,"Spiophanes berkeleyorum",33,"P477",24.199,33.753,38.763
"BOEM23-010_2023-09-27_1","BOEM23-010",1,2023-09-27,162.9,34.16882763,-119.4826017,"Phisidia sanctaemariae",24,"P244",5.809,-37.354,-19.113
"BOEM23-010_2023-09-27_1","BOEM23-010",1,2023-09-27,162.9,34.16882763,-119.4826017,"Cirratulidae",23,NA,NA,NA,NA
"BOEM23-010_2023-09-27_1","BOEM23-010",1,2023-09-27,162.9,34.16882763,-119.4826017,"Euphilomedes producta",22,"P181",NA,-9.836,26.781
"BOEM23-010_2023-09-27_1","BOEM23-010",1,2023-09-27,162.9,34.16882763,-119.4826017,"Diastylis crenellata",17,"P150",NA,0.532,8.117
"BOEM23-010_2023-09-27_1","BOEM23-010",1,2023-09-27,162.9,34.16882763,-119.4826017,"Prionospio sp",12,NA,NA,NA,NA
"BOEM23-010_2023-09-27_1","BOEM23-010",1,2023-09-27,162.9,34.16882763,-119.4826017,"Decamastus gracilis",11,"P142",74.777,54.519,58.234
"BOEM23-010_2023-09-27_1","BOEM23-010",1,2023-09-27,162.9,34.16882763,-119.4826017,"Eudorella truncatula",10,NA,NA,NA,NA
"BOEM23-010_2023-09-27_1","BOEM23-010",1,2023-09-27,162.9,34.16882763,-119.4826017,"Levinsenia gracilis",10,"P258",59.141,25.039,12.643
"BOEM23-010_2023-09-27_1","BOEM23-010",1,2023-09-27,162.9,34.16882763,-119.4826017,"Spiochaetopterus costarum Cmplx",9,"P476",36.412,54.492,16.588
"BOEM23-010_2023-09-27_1","BOEM23-010",1,2023-09-27,162.9,34.16882763,-119.4826017,"Amphiodia digitata",7,"P046",48.713,-8.565,-12.225
"BOEM23-010_2023-09-27_1","BOEM23-010",1,2023-09-27,162.9,34.16882763,-119.4826017,"Paraprionospio alata",7,"P373",10.608,21.746,38.608
"BOEM23-010_2023-09-27_1","BOEM23-010",1,2023-09-27,162.9,34.16882763,-119.4826017,"Aricidea (Acmira) catherinae",7,"P004",40.792,32.302,0.577
"BOEM23-010_2023-09-27_1","BOEM23-010",1,2023-09-27,162.9,34.16882763,-119.4826017,"Tubulanidae",5,NA,NA,NA,NA
"BOEM23-010_2023-09-27_1","BOEM23-010",1,2023-09-27,162.9,34.16882763,-119.4826017,"Eudorellopsis longirostris",5,"P174",NA,-28.987,-23.081
"BOEM23-010_2023-09-27_1","BOEM23-010",1,2023-09-27,162.9,34.16882763,-119.4826017,"Caecognathia crenulatifrons",5,"P212",18.382,22.647,9.44
"BOEM23-010_2023-09-27_1","BOEM23-010",1,2023-09-27,162.9,34.16882763,-119.4826017,"Tanaella propinquus",5,NA,NA,NA,NA
"BOEM23-010_2023-09-27_1","BOEM23-010",1,2023-09-27,162.9,34.16882763,-119.4826017,"Amphichondrius granulatus",5,"P042",NA,-18.637,-15.277
"BOEM23-010_2023-09-27_1","BOEM23-010",1,2023-09-27,162.9,34.16882763,-119.4826017,"Euclymeninae",5,NA,NA,NA,NA
"BOEM23-010_2023-09-27_1","BOEM23-010",1,2023-09-27,162.9,34.16882763,-119.4826017,"Glycera americana",5,"P206",56.935,79.293,55.195
"BOEM23-010_2023-09-27_1","BOEM23-010",1,2023-09-27,162.9,34.16882763,-119.4826017,"Lumbrineris latreilli",5,"P270",49.381,30.228,19.076
"BOEM23-010_2023-09-27_1","BOEM23-010",1,2023-09-27,162.9,34.16882763,-119.4826017,"Nephtys ferruginea",5,"P328",75.968,23.525,15.791
"BOEM23-010_2023-09-27_1","BOEM23-010",1,2023-09-27,162.9,34.16882763,-119.4826017,"Ampelisca sp",4,NA,NA,NA,NA
"BOEM23-010_2023-09-27_1","BOEM23-010",1,2023-09-27,162.9,34.16882763,-119.4826017,"Cossura sp A",4,"P132",60.886,42.219,20.91
"BOEM23-010_2023-09-27_1","BOEM23-010",1,2023-09-27,162.9,34.16882763,-119.4826017,"Exogone lourei",4,"P189",13.464,10.499,-2.405
"BOEM23-010_2023-09-27_1","BOEM23-010",1,2023-09-27,162.9,34.16882763,-119.4826017,"Phascolion sp A",4,NA,NA,NA,NA
"BOEM23-010_2023-09-27_1","BOEM23-010",1,2023-09-27,162.9,34.16882763,-119.4826017,"Photis brevipes",3,"P388",14.734,7.944,-9.399
"BOEM23-010_2023-09-27_1","BOEM23-010",1,2023-09-27,162.9,34.16882763,-119.4826017,"Photis lacia",3,"P388",14.734,7.944,-9.399
"BOEM23-010_2023-09-27_1","BOEM23-010",1,2023-09-27,162.9,34.16882763,-119.4826017,"Photis sp",3,"P388",14.734,7.944,-9.399
"BOEM23-010_2023-09-27_1","BOEM23-010",1,2023-09-27,162.9,34.16882763,-119.4826017,"Cephalophoxoides homilis",3,"P109",NA,-29.654,-34.184
"BOEM23-010_2023-09-27_1","BOEM23-010",1,2023-09-27,162.9,34.16882763,-119.4826017,"Laonice nuchala",3,"P246",NA,5.5,8.425
"BOEM23-010_2023-09-27_1","BOEM23-010",1,2023-09-27,162.9,34.16882763,-119.4826017,"Pista wui",3,"P402",19.918,36.177,30.233
"BOEM23-010_2023-09-27_1","BOEM23-010",1,2023-09-27,162.9,34.16882763,-119.4826017,"Cuspidaria parapodema",2,"P138",NA,18.095,20.746
"BOEM23-010_2023-09-27_1","BOEM23-010",1,2023-09-27,162.9,34.16882763,-119.4826017,"Tellina carpenteri",2,"P499",36.785,51.344,49.099
"BOEM23-010_2023-09-27_1","BOEM23-010",1,2023-09-27,162.9,34.16882763,-119.4826017,"Dougaloplus amphacanthus",2,"P156",NA,-47.688,-12.454
"BOEM23-010_2023-09-27_1","BOEM23-010",1,2023-09-27,162.9,34.16882763,-119.4826017,"Maldane sarsi",2,"P283",18.308,9.273,17.309
"BOEM23-010_2023-09-27_1","BOEM23-010",1,2023-09-27,162.9,34.16882763,-119.4826017,"Chloeia pinnata",2,"P118",37.607,19.019,26.917
"BOEM23-010_2023-09-27_1","BOEM23-010",1,2023-09-27,162.9,34.16882763,-119.4826017,"Glycinde armigera",2,"P210",19.129,19.126,38.526
"BOEM23-010_2023-09-27_1","BOEM23-010",1,2023-09-27,162.9,34.16882763,-119.4826017,"Kirkegaardia siblina",2,"P059",68.804,85.583,39.281
"BOEM23-010_2023-09-27_1","BOEM23-010",1,2023-09-27,162.9,34.16882763,-119.4826017,"Sabellidae",2,NA,NA,NA,NA
"BOEM23-010_2023-09-27_1","BOEM23-010",1,2023-09-27,162.9,34.16882763,-119.4826017,"Cirrophorus branchiatus",2,"P122",NA,NA,-2.844
"BOEM23-010_2023-09-27_1","BOEM23-010",1,2023-09-27,162.9,34.16882763,-119.4826017,"Parvilucina tenuisculpta",1,"P377",61.347,84.084,76.67
"BOEM23-010_2023-09-27_1","BOEM23-010",1,2023-09-27,162.9,34.16882763,-119.4826017,"Oligochaeta",1,NA,NA,NA,NA
"BOEM23-010_2023-09-27_1","BOEM23-010",1,2023-09-27,162.9,34.16882763,-119.4826017,"Echinoidea",1,NA,NA,NA,NA
"BOEM23-010_2023-09-27_1","BOEM23-010",1,2023-09-27,162.9,34.16882763,-119.4826017,"Epitonium sawinae",1,"P166",1.07,29.476,NA
"BOEM23-010_2023-09-27_1","BOEM23-010",1,2023-09-27,162.9,34.16882763,-119.4826017,"Pentamera pediparva",1,NA,NA,NA,NA
"BOEM23-010_2023-09-27_1","BOEM23-010",1,2023-09-27,162.9,34.16882763,-119.4826017,"Amphipoda",1,NA,NA,NA,NA
"BOEM23-010_2023-09-27_1","BOEM23-010",1,2023-09-27,162.9,34.16882763,-119.4826017,"Oedicerotidae",1,NA,NA,NA,NA
"BOEM23-010_2023-09-27_1","BOEM23-010",1,2023-09-27,162.9,34.16882763,-119.4826017,"Nicippe tumida",1,"P333",NA,-26.901,4.317
"BOEM23-010_2023-09-27_1","BOEM23-010",1,2023-09-27,162.9,34.16882763,-119.4826017,"Rhepoxynius bicuspidatus",1,"P440",12.528,-15.022,-16.271
"BOEM23-010_2023-09-27_1","BOEM23-010",1,2023-09-27,162.9,34.16882763,-119.4826017,"Decapoda",1,NA,NA,NA,NA
"BOEM23-010_2023-09-27_1","BOEM23-010",1,2023-09-27,162.9,34.16882763,-119.4826017,"Ilyarachna acarina",1,"P237",NA,NA,-25.503
"BOEM23-010_2023-09-27_1","BOEM23-010",1,2023-09-27,162.9,34.16882763,-119.4826017,"Akanthophoreus cf gracilis",1,NA,NA,NA,NA
"BOEM23-010_2023-09-27_1","BOEM23-010",1,2023-09-27,162.9,34.16882763,-119.4826017,"Chondrochelia dubia Cmplx",1,"P251",11.923,6.554,-22.34
"BOEM23-010_2023-09-27_1","BOEM23-010",1,2023-09-27,162.9,34.16882763,-119.4826017,"Amphiodia urtica",1,"P046",48.713,-8.565,-12.225
"BOEM23-010_2023-09-27_1","BOEM23-010",1,2023-09-27,162.9,34.16882763,-119.4826017,"Praxillella pacifica",1,"P422",12.968,15.645,10.416
"BOEM23-010_2023-09-27_1","BOEM23-010",1,2023-09-27,162.9,34.16882763,-119.4826017,"Travisia pupa",1,NA,NA,NA,NA
"BOEM23-010_2023-09-27_1","BOEM23-010",1,2023-09-27,162.9,34.16882763,-119.4826017,"Marphysa sp",1,"P286",34.589,23.24,41.15
"BOEM23-010_2023-09-27_1","BOEM23-010",1,2023-09-27,162.9,34.16882763,-119.4826017,"Scoletoma tetraura Cmplx",1,"P270",49.381,30.228,19.076
"BOEM23-010_2023-09-27_1","BOEM23-010",1,2023-09-27,162.9,34.16882763,-119.4826017,"Pholoe glabra",1,"P385",39.885,-4.777,15.446
"BOEM23-010_2023-09-27_1","BOEM23-010",1,2023-09-27,162.9,34.16882763,-119.4826017,"Eteone pigmentata",1,"P171",87.004,26.896,NA
"BOEM23-010_2023-09-27_1","BOEM23-010",1,2023-09-27,162.9,34.16882763,-119.4826017,"Phyllodoce groenlandica",1,"P391",6.246,35.74,34.881
"BOEM23-010_2023-09-27_1","BOEM23-010",1,2023-09-27,162.9,34.16882763,-119.4826017,"Malmgreniella sp A",1,NA,NA,NA,NA
"BOEM23-010_2023-09-27_1","BOEM23-010",1,2023-09-27,162.9,34.16882763,-119.4826017,"Parexogone molesta",1,"P190",NA,-10.261,NA
"BOEM23-010_2023-09-27_1","BOEM23-010",1,2023-09-27,162.9,34.16882763,-119.4826017,"Pectinaria californiensis",1,"P378",40.764,28.054,31.229
"BOEM23-010_2023-09-27_1","BOEM23-010",1,2023-09-27,162.9,34.16882763,-119.4826017,"Euchone incolor",1,"P172",-11.403,-11.521,2.227
"BOEM23-010_2023-09-27_1","BOEM23-010",1,2023-09-27,162.9,34.16882763,-119.4826017,"Prionospio lighti",1,"P426",63.622,27.825,34.554
"BOEM23-011_2023-09-25_1","BOEM23-011",1,2023-09-25,40.3,34.34377407,-119.5316468,"Gymnonereis crosslandi",23,"P216",64.076,14.091,14.822
"BOEM23-011_2023-09-25_1","BOEM23-011",1,2023-09-25,40.3,34.34377407,-119.5316468,"Protomedeia articulata Cmplx",8,"P431",NA,-9.097,-13.027
"BOEM23-011_2023-09-25_1","BOEM23-011",1,2023-09-25,40.3,34.34377407,-119.5316468,"Phoronis sp",7,"P387",17.859,8.077,-2.306
"BOEM23-011_2023-09-25_1","BOEM23-011",1,2023-09-25,40.3,34.34377407,-119.5316468,"Amphiodia urtica",6,"P046",48.713,-8.565,-12.225
"BOEM23-011_2023-09-25_1","BOEM23-011",1,2023-09-25,40.3,34.34377407,-119.5316468,"Bivalvia",5,NA,NA,NA,NA
"BOEM23-011_2023-09-25_1","BOEM23-011",1,2023-09-25,40.3,34.34377407,-119.5316468,"Ophiuroidea",5,NA,NA,NA,NA
"BOEM23-011_2023-09-25_1","BOEM23-011",1,2023-09-25,40.3,34.34377407,-119.5316468,"Paraprionospio alata",5,"P373",10.608,21.746,38.608
"BOEM23-011_2023-09-25_1","BOEM23-011",1,2023-09-25,40.3,34.34377407,-119.5316468,"Compsomyax subdiaphana",4,"P126",51.791,41.184,NA
"BOEM23-011_2023-09-25_1","BOEM23-011",1,2023-09-25,40.3,34.34377407,-119.5316468,"Listriella goleta",3,"P261",60.718,63.1,61.731
"BOEM23-011_2023-09-25_1","BOEM23-011",1,2023-09-25,40.3,34.34377407,-119.5316468,"Eranno lagunae",3,"P167",32.367,-7.724,41.836
"BOEM23-011_2023-09-25_1","BOEM23-011",1,2023-09-25,40.3,34.34377407,-119.5316468,"Poecilochaetus sp",3,NA,NA,NA,NA
"BOEM23-011_2023-09-25_1","BOEM23-011",1,2023-09-25,40.3,34.34377407,-119.5316468,"Spiophanes berkeleyorum",3,"P477",24.199,33.753,38.763
"BOEM23-011_2023-09-25_1","BOEM23-011",1,2023-09-25,40.3,34.34377407,-119.5316468,"Terebellides sp",3,"P503",24.927,-6.835,0.33
"BOEM23-011_2023-09-25_1","BOEM23-011",1,2023-09-25,40.3,34.34377407,-119.5316468,"Listriolobus pelodes",2,"P263",83.859,38.606,63.699
"BOEM23-011_2023-09-25_1","BOEM23-011",1,2023-09-25,40.3,34.34377407,-119.5316468,"Axinopsida serricata",2,"P079",69.746,26.965,60.36
"BOEM23-011_2023-09-25_1","BOEM23-011",1,2023-09-25,40.3,34.34377407,-119.5316468,"Aglaophamus verrilli",2,"P015",NA,-16.538,-0.67
"BOEM23-011_2023-09-25_1","BOEM23-011",1,2023-09-25,40.3,34.34377407,-119.5316468,"Malmgreniella baschi",2,"P284",24.334,-2.573,9.459
"BOEM23-011_2023-09-25_1","BOEM23-011",1,2023-09-25,40.3,34.34377407,-119.5316468,"Poecilochaetus martini",2,"P415",33.369,16.319,NA
"BOEM23-011_2023-09-25_1","BOEM23-011",1,2023-09-25,40.3,34.34377407,-119.5316468,"Sternaspis affinis",2,"P483",34.246,-17.301,-1.458
"BOEM23-011_2023-09-25_1","BOEM23-011",1,2023-09-25,40.3,34.34377407,-119.5316468,"Edwardsia sp",1,"P160",15.335,34.731,5.78
"BOEM23-011_2023-09-25_1","BOEM23-011",1,2023-09-25,40.3,34.34377407,-119.5316468,"Parvilucina tenuisculpta",1,"P377",61.347,84.084,76.67
"BOEM23-011_2023-09-25_1","BOEM23-011",1,2023-09-25,40.3,34.34377407,-119.5316468,"Tellina carpenteri",1,"P499",36.785,51.344,49.099
"BOEM23-011_2023-09-25_1","BOEM23-011",1,2023-09-25,40.3,34.34377407,-119.5316468,"Schizocardium sp",1,"P163",55.121,11.423,2.466
"BOEM23-011_2023-09-25_1","BOEM23-011",1,2023-09-25,40.3,34.34377407,-119.5316468,"Philine auriformis",1,NA,NA,NA,NA
"BOEM23-011_2023-09-25_1","BOEM23-011",1,2023-09-25,40.3,34.34377407,-119.5316468,"Molpadia intermedia",1,"P305",NA,-13.403,8.242
"BOEM23-011_2023-09-25_1","BOEM23-011",1,2023-09-25,40.3,34.34377407,-119.5316468,"Listriella eriopisa",1,"P260",35.027,30.008,NA
"BOEM23-011_2023-09-25_1","BOEM23-011",1,2023-09-25,40.3,34.34377407,-119.5316468,"Aruga holmesi",1,"P073",NA,-18.751,-22.396
"BOEM23-011_2023-09-25_1","BOEM23-011",1,2023-09-25,40.3,34.34377407,-119.5316468,"Heterophoxus conlanae",1,"P229",38.869,16.354,-0.682
"BOEM23-011_2023-09-25_1","BOEM23-011",1,2023-09-25,40.3,34.34377407,-119.5316468,"Rathbunixa occidentalis Cmplx",1,"P396",39.228,24.216,41.247
"BOEM23-011_2023-09-25_1","BOEM23-011",1,2023-09-25,40.3,34.34377407,-119.5316468,"Caecognathia crenulatifrons",1,"P212",18.382,22.647,9.44
"BOEM23-011_2023-09-25_1","BOEM23-011",1,2023-09-25,40.3,34.34377407,-119.5316468,"Marphysa disjuncta",1,NA,NA,NA,NA
"BOEM23-011_2023-09-25_1","BOEM23-011",1,2023-09-25,40.3,34.34377407,-119.5316468,"Lumbrineridae",1,NA,NA,NA,NA
"BOEM23-011_2023-09-25_1","BOEM23-011",1,2023-09-25,40.3,34.34377407,-119.5316468,"Nephtys ferruginea",1,"P328",75.968,23.525,15.791
"BOEM23-011_2023-09-25_1","BOEM23-011",1,2023-09-25,40.3,34.34377407,-119.5316468,"Diopatra sp",1,NA,NA,NA,NA
"BOEM23-011_2023-09-25_1","BOEM23-011",1,2023-09-25,40.3,34.34377407,-119.5316468,"Spionidae",1,NA,NA,NA,NA
"BOEM23-011_2023-09-25_1","BOEM23-011",1,2023-09-25,40.3,34.34377407,-119.5316468,"Virgularia agassizii",0,NA,NA,NA,NA
"BOEM23-012_2023-09-25_1","BOEM23-012",1,2023-09-25,63.3,34.32003696,-119.5652133,"Aglaophamus verrilli",11,"P015",NA,-16.538,-0.67
"BOEM23-012_2023-09-25_1","BOEM23-012",1,2023-09-25,63.3,34.32003696,-119.5652133,"Spiophanes berkeleyorum",8,"P477",24.199,33.753,38.763
"BOEM23-012_2023-09-25_1","BOEM23-012",1,2023-09-25,63.3,34.32003696,-119.5652133,"Amphiodia urtica",7,"P046",48.713,-8.565,-12.225
"BOEM23-012_2023-09-25_1","BOEM23-012",1,2023-09-25,63.3,34.32003696,-119.5652133,"Amphiodia digitata",5,"P046",48.713,-8.565,-12.225
"BOEM23-012_2023-09-25_1","BOEM23-012",1,2023-09-25,63.3,34.32003696,-119.5652133,"Bivalvia",4,NA,NA,NA,NA
"BOEM23-012_2023-09-25_1","BOEM23-012",1,2023-09-25,63.3,34.32003696,-119.5652133,"Paradiopatra parva",3,"P365",10.703,-21.642,11.832
"BOEM23-012_2023-09-25_1","BOEM23-012",1,2023-09-25,63.3,34.32003696,-119.5652133,"Terebellides californica",3,"P503",24.927,-6.835,0.33
"BOEM23-012_2023-09-25_1","BOEM23-012",1,2023-09-25,63.3,34.32003696,-119.5652133,"Nemertea",2,NA,NA,NA,NA
"BOEM23-012_2023-09-25_1","BOEM23-012",1,2023-09-25,63.3,34.32003696,-119.5652133,"Edwardsia sp",2,"P160",15.335,34.731,5.78
"BOEM23-012_2023-09-25_1","BOEM23-012",1,2023-09-25,63.3,34.32003696,-119.5652133,"Nuculana sp A",2,NA,NA,NA,NA
"BOEM23-012_2023-09-25_1","BOEM23-012",1,2023-09-25,63.3,34.32003696,-119.5652133,"Ampelisca pacifica",2,"P033",50.377,-7.966,-2.442
"BOEM23-012_2023-09-25_1","BOEM23-012",1,2023-09-25,63.3,34.32003696,-119.5652133,"Listriolobus pelodes",1,"P263",83.859,38.606,63.699
"BOEM23-012_2023-09-25_1","BOEM23-012",1,2023-09-25,63.3,34.32003696,-119.5652133,"Astropecten californicus",1,"P077",-5.982,6.538,-14.053
"BOEM23-012_2023-09-25_1","BOEM23-012",1,2023-09-25,63.3,34.32003696,-119.5652133,"Periploma planiusculum",1,NA,NA,NA,NA
"BOEM23-012_2023-09-25_1","BOEM23-012",1,2023-09-25,63.3,34.32003696,-119.5652133,"Kurtiella tumida",1,"P313",45.575,59.199,51.633
"BOEM23-012_2023-09-25_1","BOEM23-012",1,2023-09-25,63.3,34.32003696,-119.5652133,"Byblis millsi",1,"P093",33.432,-4.665,-34.456
"BOEM23-012_2023-09-25_1","BOEM23-012",1,2023-09-25,63.3,34.32003696,-119.5652133,"Rathbunixa occidentalis Cmplx",1,"P396",39.228,24.216,41.247
"BOEM23-012_2023-09-25_1","BOEM23-012",1,2023-09-25,63.3,34.32003696,-119.5652133,"Euclymeninae",1,NA,NA,NA,NA
"BOEM23-012_2023-09-25_1","BOEM23-012",1,2023-09-25,63.3,34.32003696,-119.5652133,"Maldane sarsi",1,"P283",18.308,9.273,17.309
"BOEM23-012_2023-09-25_1","BOEM23-012",1,2023-09-25,63.3,34.32003696,-119.5652133,"Rhodine bitorquata",1,"P446",NA,-20.808,2.364
"BOEM23-012_2023-09-25_1","BOEM23-012",1,2023-09-25,63.3,34.32003696,-119.5652133,"Nephtys ferruginea",1,"P328",75.968,23.525,15.791
"BOEM23-012_2023-09-25_1","BOEM23-012",1,2023-09-25,63.3,34.32003696,-119.5652133,"Gymnonereis crosslandi",1,"P216",64.076,14.091,14.822
"BOEM23-013_2023-09-25_1","BOEM23-013",1,2023-09-25,43.1,34.3413448,-119.5400323,"Mediomastus sp",11,"P288",96.325,59.255,20.534
"BOEM23-013_2023-09-25_1","BOEM23-013",1,2023-09-25,43.1,34.3413448,-119.5400323,"Gymnonereis crosslandi",9,"P216",64.076,14.091,14.822
"BOEM23-013_2023-09-25_1","BOEM23-013",1,2023-09-25,43.1,34.3413448,-119.5400323,"Protomedeia articulata Cmplx",5,"P431",NA,-9.097,-13.027
"BOEM23-013_2023-09-25_1","BOEM23-013",1,2023-09-25,43.1,34.3413448,-119.5400323,"Eranno lagunae",5,"P167",32.367,-7.724,41.836
"BOEM23-013_2023-09-25_1","BOEM23-013",1,2023-09-25,43.1,34.3413448,-119.5400323,"Prionospio lighti",5,"P426",63.622,27.825,34.554
"BOEM23-013_2023-09-25_1","BOEM23-013",1,2023-09-25,43.1,34.3413448,-119.5400323,"Spiophanes berkeleyorum",5,"P477",24.199,33.753,38.763
"BOEM23-013_2023-09-25_1","BOEM23-013",1,2023-09-25,43.1,34.3413448,-119.5400323,"Levinsenia gracilis",5,"P258",59.141,25.039,12.643
"BOEM23-013_2023-09-25_1","BOEM23-013",1,2023-09-25,43.1,34.3413448,-119.5400323,"Oligochaeta",2,NA,NA,NA,NA
"BOEM23-013_2023-09-25_1","BOEM23-013",1,2023-09-25,43.1,34.3413448,-119.5400323,"Ophiuroidea",2,NA,NA,NA,NA
"BOEM23-013_2023-09-25_1","BOEM23-013",1,2023-09-25,43.1,34.3413448,-119.5400323,"Amphiodia digitata",2,"P046",48.713,-8.565,-12.225
"BOEM23-013_2023-09-25_1","BOEM23-013",1,2023-09-25,43.1,34.3413448,-119.5400323,"Capitella capitata Cmplx",2,"P103",67.145,83.77,89.495
"BOEM23-013_2023-09-25_1","BOEM23-013",1,2023-09-25,43.1,34.3413448,-119.5400323,"Lumbrineridae",2,NA,NA,NA,NA
"BOEM23-013_2023-09-25_1","BOEM23-013",1,2023-09-25,43.1,34.3413448,-119.5400323,"Aglaophamus verrilli",2,"P015",NA,-16.538,-0.67
"BOEM23-013_2023-09-25_1","BOEM23-013",1,2023-09-25,43.1,34.3413448,-119.5400323,"Prionospio sp",2,NA,NA,NA,NA
"BOEM23-013_2023-09-25_1","BOEM23-013",1,2023-09-25,43.1,34.3413448,-119.5400323,"Pista elongata",2,NA,NA,NA,NA
"BOEM23-013_2023-09-25_1","BOEM23-013",1,2023-09-25,43.1,34.3413448,-119.5400323,"Terebellides sp",2,"P503",24.927,-6.835,0.33
"BOEM23-013_2023-09-25_1","BOEM23-013",1,2023-09-25,43.1,34.3413448,-119.5400323,"Tubulanidae",1,NA,NA,NA,NA
"BOEM23-013_2023-09-25_1","BOEM23-013",1,2023-09-25,43.1,34.3413448,-119.5400323,"Bivalvia",1,NA,NA,NA,NA
"BOEM23-013_2023-09-25_1","BOEM23-013",1,2023-09-25,43.1,34.3413448,-119.5400323,"Compsomyax subdiaphana",1,"P126",51.791,41.184,NA
"BOEM23-013_2023-09-25_1","BOEM23-013",1,2023-09-25,43.1,34.3413448,-119.5400323,"Cephalaspidea",1,NA,NA,NA,NA
"BOEM23-013_2023-09-25_1","BOEM23-013",1,2023-09-25,43.1,34.3413448,-119.5400323,"Chiridota sp",1,"P495",4.292,-11.242,-20.577
"BOEM23-013_2023-09-25_1","BOEM23-013",1,2023-09-25,43.1,34.3413448,-119.5400323,"Ampelisca hancocki",1,"P030",22.386,-10.34,-11.71
"BOEM23-013_2023-09-25_1","BOEM23-013",1,2023-09-25,43.1,34.3413448,-119.5400323,"Ampelisca sp",1,NA,NA,NA,NA
"BOEM23-013_2023-09-25_1","BOEM23-013",1,2023-09-25,43.1,34.3413448,-119.5400323,"Amphideutopus oculatus",1,"P045",-1.141,8.279,-5.244
"BOEM23-013_2023-09-25_1","BOEM23-013",1,2023-09-25,43.1,34.3413448,-119.5400323,"Caecognathia crenulatifrons",1,"P212",18.382,22.647,9.44
"BOEM23-013_2023-09-25_1","BOEM23-013",1,2023-09-25,43.1,34.3413448,-119.5400323,"Dougaloplus amphacanthus",1,"P156",NA,-47.688,-12.454
"BOEM23-013_2023-09-25_1","BOEM23-013",1,2023-09-25,43.1,34.3413448,-119.5400323,"Cossura candida",1,"P132",60.886,42.219,20.91
"BOEM23-013_2023-09-25_1","BOEM23-013",1,2023-09-25,43.1,34.3413448,-119.5400323,"Cossura sp A",1,"P132",60.886,42.219,20.91
"BOEM23-013_2023-09-25_1","BOEM23-013",1,2023-09-25,43.1,34.3413448,-119.5400323,"Euclymeninae",1,NA,NA,NA,NA
"BOEM23-013_2023-09-25_1","BOEM23-013",1,2023-09-25,43.1,34.3413448,-119.5400323,"Maldane sarsi",1,"P283",18.308,9.273,17.309
"BOEM23-013_2023-09-25_1","BOEM23-013",1,2023-09-25,43.1,34.3413448,-119.5400323,"Leodice americana",1,"P178",20.628,8.117,25.888
"BOEM23-013_2023-09-25_1","BOEM23-013",1,2023-09-25,43.1,34.3413448,-119.5400323,"Marphysa disjuncta",1,NA,NA,NA,NA
"BOEM23-013_2023-09-25_1","BOEM23-013",1,2023-09-25,43.1,34.3413448,-119.5400323,"Glycera nana",1,"P208",50.612,39.829,53.637
"BOEM23-013_2023-09-25_1","BOEM23-013",1,2023-09-25,43.1,34.3413448,-119.5400323,"Nephtys ferruginea",1,"P328",75.968,23.525,15.791
"BOEM23-013_2023-09-25_1","BOEM23-013",1,2023-09-25,43.1,34.3413448,-119.5400323,"Sthenelais tertiaglabra",1,"P484",12.792,3.433,3.813
"BOEM23-013_2023-09-25_1","BOEM23-013",1,2023-09-25,43.1,34.3413448,-119.5400323,"Cirratulidae",1,NA,NA,NA,NA
"BOEM23-013_2023-09-25_1","BOEM23-013",1,2023-09-25,43.1,34.3413448,-119.5400323,"Poecilochaetus martini",1,"P415",33.369,16.319,NA
"BOEM23-013_2023-09-25_1","BOEM23-013",1,2023-09-25,43.1,34.3413448,-119.5400323,"Paraprionospio alata",1,"P373",10.608,21.746,38.608
"BOEM23-013_2023-09-25_1","BOEM23-013",1,2023-09-25,43.1,34.3413448,-119.5400323,"Terebellides sp Type C",1,"P503",24.927,-6.835,0.33
"BOEM23-014_2023-09-25_1","BOEM23-014",1,2023-09-25,50,34.32999946,-119.5385757,"Protomedeia articulata Cmplx",9,"P431",NA,-9.097,-13.027
"BOEM23-014_2023-09-25_1","BOEM23-014",1,2023-09-25,50,34.32999946,-119.5385757,"Levinsenia gracilis",7,"P258",59.141,25.039,12.643
"BOEM23-014_2023-09-25_1","BOEM23-014",1,2023-09-25,50,34.32999946,-119.5385757,"Gymnonereis crosslandi",6,"P216",64.076,14.091,14.822
"BOEM23-014_2023-09-25_1","BOEM23-014",1,2023-09-25,50,34.32999946,-119.5385757,"Spiophanes berkeleyorum",6,"P477",24.199,33.753,38.763
"BOEM23-014_2023-09-25_1","BOEM23-014",1,2023-09-25,50,34.32999946,-119.5385757,"Cossura sp A",5,"P132",60.886,42.219,20.91
"BOEM23-014_2023-09-25_1","BOEM23-014",1,2023-09-25,50,34.32999946,-119.5385757,"Aglaophamus verrilli",5,"P015",NA,-16.538,-0.67
"BOEM23-014_2023-09-25_1","BOEM23-014",1,2023-09-25,50,34.32999946,-119.5385757,"Bivalvia",4,NA,NA,NA,NA
"BOEM23-014_2023-09-25_1","BOEM23-014",1,2023-09-25,50,34.32999946,-119.5385757,"Terebellides sp",4,"P503",24.927,-6.835,0.33
"BOEM23-014_2023-09-25_1","BOEM23-014",1,2023-09-25,50,34.32999946,-119.5385757,"Kurtiella tumida",3,"P313",45.575,59.199,51.633
"BOEM23-014_2023-09-25_1","BOEM23-014",1,2023-09-25,50,34.32999946,-119.5385757,"Scoletoma sp C",3,"P270",49.381,30.228,19.076
"BOEM23-014_2023-09-25_1","BOEM23-014",1,2023-09-25,50,34.32999946,-119.5385757,"Cirratulidae",3,NA,NA,NA,NA
"BOEM23-014_2023-09-25_1","BOEM23-014",1,2023-09-25,50,34.32999946,-119.5385757,"Tubulanidae",2,NA,NA,NA,NA
"BOEM23-014_2023-09-25_1","BOEM23-014",1,2023-09-25,50,34.32999946,-119.5385757,"Edwardsia sp",2,"P160",15.335,34.731,5.78
"BOEM23-014_2023-09-25_1","BOEM23-014",1,2023-09-25,50,34.32999946,-119.5385757,"Compsomyax subdiaphana",2,"P126",51.791,41.184,NA
"BOEM23-014_2023-09-25_1","BOEM23-014",1,2023-09-25,50,34.32999946,-119.5385757,"Schizocardium sp",2,"P163",55.121,11.423,2.466
"BOEM23-014_2023-09-25_1","BOEM23-014",1,2023-09-25,50,34.32999946,-119.5385757,"Mediomastus sp",2,"P288",96.325,59.255,20.534
"BOEM23-014_2023-09-25_1","BOEM23-014",1,2023-09-25,50,34.32999946,-119.5385757,"Paradiopatra parva",2,"P365",10.703,-21.642,11.832
"BOEM23-014_2023-09-25_1","BOEM23-014",1,2023-09-25,50,34.32999946,-119.5385757,"Dipolydora socialis",2,"P419",18.707,28.911,-0.352
"BOEM23-014_2023-09-25_1","BOEM23-014",1,2023-09-25,50,34.32999946,-119.5385757,"Paraprionospio alata",2,"P373",10.608,21.746,38.608
"BOEM23-014_2023-09-25_1","BOEM23-014",1,2023-09-25,50,34.32999946,-119.5385757,"Listriolobus pelodes",1,"P263",83.859,38.606,63.699
"BOEM23-014_2023-09-25_1","BOEM23-014",1,2023-09-25,50,34.32999946,-119.5385757,"Ennucula tenuis",1,"P161",15.558,-0.374,-4.549
"BOEM23-014_2023-09-25_1","BOEM23-014",1,2023-09-25,50,34.32999946,-119.5385757,"Tellina carpenteri",1,"P499",36.785,51.344,49.099
"BOEM23-014_2023-09-25_1","BOEM23-014",1,2023-09-25,50,34.32999946,-119.5385757,"Philine sp",1,NA,NA,NA,NA
"BOEM23-014_2023-09-25_1","BOEM23-014",1,2023-09-25,50,34.32999946,-119.5385757,"Rathbunixa occidentalis Cmplx",1,"P396",39.228,24.216,41.247
"BOEM23-014_2023-09-25_1","BOEM23-014",1,2023-09-25,50,34.32999946,-119.5385757,"Euclymeninae",1,NA,NA,NA,NA
"BOEM23-014_2023-09-25_1","BOEM23-014",1,2023-09-25,50,34.32999946,-119.5385757,"Maldanidae",1,NA,NA,NA,NA
"BOEM23-014_2023-09-25_1","BOEM23-014",1,2023-09-25,50,34.32999946,-119.5385757,"Maldane sarsi",1,"P283",18.308,9.273,17.309
"BOEM23-014_2023-09-25_1","BOEM23-014",1,2023-09-25,50,34.32999946,-119.5385757,"Ninoe tridentata",1,"P334",42.018,23.234,41.577
"BOEM23-014_2023-09-25_1","BOEM23-014",1,2023-09-25,50,34.32999946,-119.5385757,"Laonice sp",1,NA,NA,NA,NA
"BOEM23-014_2023-09-25_1","BOEM23-014",1,2023-09-25,50,34.32999946,-119.5385757,"Pista sp",1,NA,NA,NA,NA
"BOEM23-014_2023-09-25_1","BOEM23-014",1,2023-09-25,50,34.32999946,-119.5385757,"Antalis pretiosa",1,NA,NA,NA,NA
"BOEM23-015_2023-09-25_1","BOEM23-015",1,2023-09-25,37,34.35322952,-119.5391576,"Protomedeia articulata Cmplx",18,"P431",NA,-9.097,-13.027
"BOEM23-015_2023-09-25_1","BOEM23-015",1,2023-09-25,37,34.35322952,-119.5391576,"Spiophanes berkeleyorum",13,"P477",24.199,33.753,38.763
"BOEM23-015_2023-09-25_1","BOEM23-015",1,2023-09-25,37,34.35322952,-119.5391576,"Marphysa disjuncta",9,NA,NA,NA,NA
"BOEM23-015_2023-09-25_1","BOEM23-015",1,2023-09-25,37,34.35322952,-119.5391576,"Gymnonereis crosslandi",9,"P216",64.076,14.091,14.822
"BOEM23-015_2023-09-25_1","BOEM23-015",1,2023-09-25,37,34.35322952,-119.5391576,"Bivalvia",6,NA,NA,NA,NA
"BOEM23-015_2023-09-25_1","BOEM23-015",1,2023-09-25,37,34.35322952,-119.5391576,"Ampelisca brevisimulata",4,"P027",19.943,17.418,-5.105
"BOEM23-015_2023-09-25_1","BOEM23-015",1,2023-09-25,37,34.35322952,-119.5391576,"Heterophoxus conlanae",4,"P229",38.869,16.354,-0.682
"BOEM23-015_2023-09-25_1","BOEM23-015",1,2023-09-25,37,34.35322952,-119.5391576,"Poecilochaetus martini",4,"P415",33.369,16.319,NA
"BOEM23-015_2023-09-25_1","BOEM23-015",1,2023-09-25,37,34.35322952,-119.5391576,"Terebellides californica",4,"P503",24.927,-6.835,0.33
"BOEM23-015_2023-09-25_1","BOEM23-015",1,2023-09-25,37,34.35322952,-119.5391576,"Ennucula tenuis",3,"P161",15.558,-0.374,-4.549
"BOEM23-015_2023-09-25_1","BOEM23-015",1,2023-09-25,37,34.35322952,-119.5391576,"Axinopsida serricata",3,"P079",69.746,26.965,60.36
"BOEM23-015_2023-09-25_1","BOEM23-015",1,2023-09-25,37,34.35322952,-119.5391576,"Ampelisca sp",3,NA,NA,NA,NA
"BOEM23-015_2023-09-25_1","BOEM23-015",1,2023-09-25,37,34.35322952,-119.5391576,"Listriella goleta",3,"P261",60.718,63.1,61.731
"BOEM23-015_2023-09-25_1","BOEM23-015",1,2023-09-25,37,34.35322952,-119.5391576,"Rathbunixa occidentalis Cmplx",3,"P396",39.228,24.216,41.247
"BOEM23-015_2023-09-25_1","BOEM23-015",1,2023-09-25,37,34.35322952,-119.5391576,"Amphiodia digitata",3,"P046",48.713,-8.565,-12.225
"BOEM23-015_2023-09-25_1","BOEM23-015",1,2023-09-25,37,34.35322952,-119.5391576,"Paraprionospio alata",3,"P373",10.608,21.746,38.608
"BOEM23-015_2023-09-25_1","BOEM23-015",1,2023-09-25,37,34.35322952,-119.5391576,"Tellina carpenteri",2,"P499",36.785,51.344,49.099
"BOEM23-015_2023-09-25_1","BOEM23-015",1,2023-09-25,37,34.35322952,-119.5391576,"Dougaloplus amphacanthus",2,"P156",NA,-47.688,-12.454
"BOEM23-015_2023-09-25_1","BOEM23-015",1,2023-09-25,37,34.35322952,-119.5391576,"Cossura sp A",2,"P132",60.886,42.219,20.91
"BOEM23-015_2023-09-25_1","BOEM23-015",1,2023-09-25,37,34.35322952,-119.5391576,"Eranno lagunae",2,"P167",32.367,-7.724,41.836
"BOEM23-015_2023-09-25_1","BOEM23-015",1,2023-09-25,37,34.35322952,-119.5391576,"Listriolobus pelodes",1,"P263",83.859,38.606,63.699
"BOEM23-015_2023-09-25_1","BOEM23-015",1,2023-09-25,37,34.35322952,-119.5391576,"Thracia trapezoides",1,"P379",18.794,33.787,NA
"BOEM23-015_2023-09-25_1","BOEM23-015",1,2023-09-25,37,34.35322952,-119.5391576,"Compsomyax subdiaphana",1,"P126",51.791,41.184,NA
"BOEM23-015_2023-09-25_1","BOEM23-015",1,2023-09-25,37,34.35322952,-119.5391576,"Schizocardium sp",1,"P163",55.121,11.423,2.466
"BOEM23-015_2023-09-25_1","BOEM23-015",1,2023-09-25,37,34.35322952,-119.5391576,"Glottidia albida",1,"P205",7.386,10.9,NA
"BOEM23-015_2023-09-25_1","BOEM23-015",1,2023-09-25,37,34.35322952,-119.5391576,"Ampelisca pacifica",1,"P033",50.377,-7.966,-2.442
"BOEM23-015_2023-09-25_1","BOEM23-015",1,2023-09-25,37,34.35322952,-119.5391576,"Ophiuroidea",1,NA,NA,NA,NA
"BOEM23-015_2023-09-25_1","BOEM23-015",1,2023-09-25,37,34.35322952,-119.5391576,"Maldanidae",1,NA,NA,NA,NA
"BOEM23-015_2023-09-25_1","BOEM23-015",1,2023-09-25,37,34.35322952,-119.5391576,"Leodice americana",1,"P178",20.628,8.117,25.888
"BOEM23-015_2023-09-25_1","BOEM23-015",1,2023-09-25,37,34.35322952,-119.5391576,"Glycera nana",1,"P208",50.612,39.829,53.637
"BOEM23-015_2023-09-25_1","BOEM23-015",1,2023-09-25,37,34.35322952,-119.5391576,"Aglaophamus verrilli",1,"P015",NA,-16.538,-0.67
"BOEM23-015_2023-09-25_1","BOEM23-015",1,2023-09-25,37,34.35322952,-119.5391576,"Paradiopatra parva",1,"P365",10.703,-21.642,11.832
"BOEM23-015_2023-09-25_1","BOEM23-015",1,2023-09-25,37,34.35322952,-119.5391576,"Phyllodoce groenlandica",1,"P391",6.246,35.74,34.881
"BOEM23-015_2023-09-25_1","BOEM23-015",1,2023-09-25,37,34.35322952,-119.5391576,"Malmgreniella baschi",1,"P284",24.334,-2.573,9.459
"BOEM23-015_2023-09-25_1","BOEM23-015",1,2023-09-25,37,34.35322952,-119.5391576,"Tenonia priops",1,"P502",14.596,44.794,NA
"BOEM23-015_2023-09-25_1","BOEM23-015",1,2023-09-25,37,34.35322952,-119.5391576,"Sthenelais berkeleyi",1,"P484",12.792,3.433,3.813
"BOEM23-015_2023-09-25_1","BOEM23-015",1,2023-09-25,37,34.35322952,-119.5391576,"Boccardia proboscidea",1,NA,NA,NA,NA
"BOEM23-015_2023-09-25_1","BOEM23-015",1,2023-09-25,37,34.35322952,-119.5391576,"Sternaspis affinis",1,"P483",34.246,-17.301,-1.458
"BOEM23-015_2023-09-25_1","BOEM23-015",1,2023-09-25,37,34.35322952,-119.5391576,"Terebellinae",1,NA,NA,NA,NA
"BOEM23-015_2023-09-25_1","BOEM23-015",1,2023-09-25,37,34.35322952,-119.5391576,"Amaeana sp",1,NA,NA,NA,NA
"BOEM23-015_2023-09-25_1","BOEM23-015",1,2023-09-25,37,34.35322952,-119.5391576,"Levinsenia gracilis",1,"P258",59.141,25.039,12.643
"BOEM23-015_2023-09-25_1","BOEM23-015",1,2023-09-25,37,34.35322952,-119.5391576,"Antalis pretiosa",1,NA,NA,NA,NA
"BOEM23-016_2023-09-25_1","BOEM23-016",1,2023-09-25,49,34.33709796,-119.5608183,"Spiophanes berkeleyorum",14,"P477",24.199,33.753,38.763
"BOEM23-016_2023-09-25_1","BOEM23-016",1,2023-09-25,49,34.33709796,-119.5608183,"Ophiuroidea",8,NA,NA,NA,NA
"BOEM23-016_2023-09-25_1","BOEM23-016",1,2023-09-25,49,34.33709796,-119.5608183,"Gymnonereis crosslandi",6,"P216",64.076,14.091,14.822
"BOEM23-016_2023-09-25_1","BOEM23-016",1,2023-09-25,49,34.33709796,-119.5608183,"Edwardsia sp",4,"P160",15.335,34.731,5.78
"BOEM23-016_2023-09-25_1","BOEM23-016",1,2023-09-25,49,34.33709796,-119.5608183,"Amphiodia digitata",4,"P046",48.713,-8.565,-12.225
"BOEM23-016_2023-09-25_1","BOEM23-016",1,2023-09-25,49,34.33709796,-119.5608183,"Bivalvia",3,NA,NA,NA,NA
"BOEM23-016_2023-09-25_1","BOEM23-016",1,2023-09-25,49,34.33709796,-119.5608183,"Tubulanidae",2,NA,NA,NA,NA
"BOEM23-016_2023-09-25_1","BOEM23-016",1,2023-09-25,49,34.33709796,-119.5608183,"Compsomyax subdiaphana",2,"P126",51.791,41.184,NA
"BOEM23-016_2023-09-25_1","BOEM23-016",1,2023-09-25,49,34.33709796,-119.5608183,"Protomedeia articulata Cmplx",2,"P431",NA,-9.097,-13.027
"BOEM23-016_2023-09-25_1","BOEM23-016",1,2023-09-25,49,34.33709796,-119.5608183,"Listriella goleta",2,"P261",60.718,63.1,61.731
"BOEM23-016_2023-09-25_1","BOEM23-016",1,2023-09-25,49,34.33709796,-119.5608183,"Rathbunixa occidentalis Cmplx",2,"P396",39.228,24.216,41.247
"BOEM23-016_2023-09-25_1","BOEM23-016",1,2023-09-25,49,34.33709796,-119.5608183,"Caecognathia crenulatifrons",2,"P212",18.382,22.647,9.44
"BOEM23-016_2023-09-25_1","BOEM23-016",1,2023-09-25,49,34.33709796,-119.5608183,"Praxillella pacifica",2,"P422",12.968,15.645,10.416
"BOEM23-016_2023-09-25_1","BOEM23-016",1,2023-09-25,49,34.33709796,-119.5608183,"Paradiopatra parva",2,"P365",10.703,-21.642,11.832
"BOEM23-016_2023-09-25_1","BOEM23-016",1,2023-09-25,49,34.33709796,-119.5608183,"Pectinaria californiensis",2,"P378",40.764,28.054,31.229
"BOEM23-016_2023-09-25_1","BOEM23-016",1,2023-09-25,49,34.33709796,-119.5608183,"Keenaea centifilosa",1,"P321",NA,-38.967,-5.53
"BOEM23-016_2023-09-25_1","BOEM23-016",1,2023-09-25,49,34.33709796,-119.5608183,"Kurtiella tumida",1,"P313",45.575,59.199,51.633
"BOEM23-016_2023-09-25_1","BOEM23-016",1,2023-09-25,49,34.33709796,-119.5608183,"Tellina carpenteri",1,"P499",36.785,51.344,49.099
"BOEM23-016_2023-09-25_1","BOEM23-016",1,2023-09-25,49,34.33709796,-119.5608183,"Schizocardium sp",1,"P163",55.121,11.423,2.466
"BOEM23-016_2023-09-25_1","BOEM23-016",1,2023-09-25,49,34.33709796,-119.5608183,"Scleroplax schmitti",1,NA,NA,NA,NA
"BOEM23-016_2023-09-25_1","BOEM23-016",1,2023-09-25,49,34.33709796,-119.5608183,"Euclymeninae",1,NA,NA,NA,NA
"BOEM23-016_2023-09-25_1","BOEM23-016",1,2023-09-25,49,34.33709796,-119.5608183,"Metasychis disparidentatus",1,"P300",9.37,11.837,14.043
"BOEM23-016_2023-09-25_1","BOEM23-016",1,2023-09-25,49,34.33709796,-119.5608183,"Glycera nana",1,"P208",50.612,39.829,53.637
"BOEM23-016_2023-09-25_1","BOEM23-016",1,2023-09-25,49,34.33709796,-119.5608183,"Aglaophamus verrilli",1,"P015",NA,-16.538,-0.67
"BOEM23-016_2023-09-25_1","BOEM23-016",1,2023-09-25,49,34.33709796,-119.5608183,"Poecilochaetus sp",1,NA,NA,NA,NA
"BOEM23-016_2023-09-25_1","BOEM23-016",1,2023-09-25,49,34.33709796,-119.5608183,"Pista estevanica",1,"P404",27.467,9.459,-10.343
"BOEM23-016_2023-09-25_1","BOEM23-016",1,2023-09-25,49,34.33709796,-119.5608183,"Terebellides californica",1,"P503",24.927,-6.835,0.33
"BOEM23-016_2023-09-25_1","BOEM23-016",1,2023-09-25,49,34.33709796,-119.5608183,"Antalis pretiosa",1,NA,NA,NA,NA
"BOEM23-017_2023-09-25_1","BOEM23-017",1,2023-09-25,58,34.32262914,-119.5519662,"Amphiodia digitata",8,"P046",48.713,-8.565,-12.225
"BOEM23-017_2023-09-25_1","BOEM23-017",1,2023-09-25,58,34.32262914,-119.5519662,"Terebellides sp Type C",7,"P503",24.927,-6.835,0.33
"BOEM23-017_2023-09-25_1","BOEM23-017",1,2023-09-25,58,34.32262914,-119.5519662,"Aglaophamus verrilli",5,"P015",NA,-16.538,-0.67
"BOEM23-017_2023-09-25_1","BOEM23-017",1,2023-09-25,58,34.32262914,-119.5519662,"Tubulanidae",4,NA,NA,NA,NA
"BOEM23-017_2023-09-25_1","BOEM23-017",1,2023-09-25,58,34.32262914,-119.5519662,"Caecognathia crenulatifrons",4,"P212",18.382,22.647,9.44
"BOEM23-017_2023-09-25_1","BOEM23-017",1,2023-09-25,58,34.32262914,-119.5519662,"Axinopsida serricata",3,"P079",69.746,26.965,60.36
"BOEM23-017_2023-09-25_1","BOEM23-017",1,2023-09-25,58,34.32262914,-119.5519662,"Ampelisca pacifica",3,"P033",50.377,-7.966,-2.442
"BOEM23-017_2023-09-25_1","BOEM23-017",1,2023-09-25,58,34.32262914,-119.5519662,"Protomedeia articulata Cmplx",3,"P431",NA,-9.097,-13.027
"BOEM23-017_2023-09-25_1","BOEM23-017",1,2023-09-25,58,34.32262914,-119.5519662,"Spiophanes berkeleyorum",3,"P477",24.199,33.753,38.763
"BOEM23-017_2023-09-25_1","BOEM23-017",1,2023-09-25,58,34.32262914,-119.5519662,"Listriella goleta",2,"P261",60.718,63.1,61.731
"BOEM23-017_2023-09-25_1","BOEM23-017",1,2023-09-25,58,34.32262914,-119.5519662,"Maldane sarsi",2,"P283",18.308,9.273,17.309
"BOEM23-017_2023-09-25_1","BOEM23-017",1,2023-09-25,58,34.32262914,-119.5519662,"Gymnonereis crosslandi",2,"P216",64.076,14.091,14.822
"BOEM23-017_2023-09-25_1","BOEM23-017",1,2023-09-25,58,34.32262914,-119.5519662,"Edwardsia sp",1,"P160",15.335,34.731,5.78
"BOEM23-017_2023-09-25_1","BOEM23-017",1,2023-09-25,58,34.32262914,-119.5519662,"Ceriantharia",1,"P111",36.181,12.457,-18.352
"BOEM23-017_2023-09-25_1","BOEM23-017",1,2023-09-25,58,34.32262914,-119.5519662,"Ennucula tenuis",1,"P161",15.558,-0.374,-4.549
"BOEM23-017_2023-09-25_1","BOEM23-017",1,2023-09-25,58,34.32262914,-119.5519662,"Parvilucina tenuisculpta",1,"P377",61.347,84.084,76.67
"BOEM23-017_2023-09-25_1","BOEM23-017",1,2023-09-25,58,34.32262914,-119.5519662,"Tellina carpenteri",1,"P499",36.785,51.344,49.099
"BOEM23-017_2023-09-25_1","BOEM23-017",1,2023-09-25,58,34.32262914,-119.5519662,"Compsomyax subdiaphana",1,"P126",51.791,41.184,NA
"BOEM23-017_2023-09-25_1","BOEM23-017",1,2023-09-25,58,34.32262914,-119.5519662,"Schizocardium sp",1,"P163",55.121,11.423,2.466
"BOEM23-017_2023-09-25_1","BOEM23-017",1,2023-09-25,58,34.32262914,-119.5519662,"Kurtzia arteaga",1,"P239",26.316,14.291,3.37
"BOEM23-017_2023-09-25_1","BOEM23-017",1,2023-09-25,58,34.32262914,-119.5519662,"Phyllodoce groenlandica",1,"P391",6.246,35.74,34.881
"BOEM23-017_2023-09-25_1","BOEM23-017",1,2023-09-25,58,34.32262914,-119.5519662,"Melinna oculata",1,"P294",12.891,31.649,-2.05
"BOEM23-017_2023-09-25_1","BOEM23-017",1,2023-09-25,58,34.32262914,-119.5519662,"Amage scutata",1,"P367",21.544,-13.799,-2.077
"BOEM23-017_2023-09-25_1","BOEM23-017",1,2023-09-25,58,34.32262914,-119.5519662,"Paraprionospio alata",1,"P373",10.608,21.746,38.608
"BOEM23-017_2023-09-25_1","BOEM23-017",1,2023-09-25,58,34.32262914,-119.5519662,"Terebellides californica",1,"P503",24.927,-6.835,0.33
"BOEM23-017_2023-09-25_1","BOEM23-017",1,2023-09-25,58,34.32262914,-119.5519662,"Levinsenia gracilis",1,"P258",59.141,25.039,12.643
"BOEM23-018_2023-09-25_1","BOEM23-018",1,2023-09-25,42.5,34.3463692,-119.5613235,"Amphiodia digitata",20,"P046",48.713,-8.565,-12.225
"BOEM23-018_2023-09-25_1","BOEM23-018",1,2023-09-25,42.5,34.3463692,-119.5613235,"Gymnonereis crosslandi",20,"P216",64.076,14.091,14.822
"BOEM23-018_2023-09-25_1","BOEM23-018",1,2023-09-25,42.5,34.3463692,-119.5613235,"Spiophanes berkeleyorum",10,"P477",24.199,33.753,38.763
"BOEM23-018_2023-09-25_1","BOEM23-018",1,2023-09-25,42.5,34.3463692,-119.5613235,"Protomedeia articulata Cmplx",9,"P431",NA,-9.097,-13.027
"BOEM23-018_2023-09-25_1","BOEM23-018",1,2023-09-25,42.5,34.3463692,-119.5613235,"Amphideutopus oculatus",8,"P045",-1.141,8.279,-5.244
"BOEM23-018_2023-09-25_1","BOEM23-018",1,2023-09-25,42.5,34.3463692,-119.5613235,"Euclymeninae sp A",5,NA,NA,NA,NA
"BOEM23-018_2023-09-25_1","BOEM23-018",1,2023-09-25,42.5,34.3463692,-119.5613235,"Terebellides sp Type C",5,"P503",24.927,-6.835,0.33
"BOEM23-018_2023-09-25_1","BOEM23-018",1,2023-09-25,42.5,34.3463692,-119.5613235,"Phoronis sp",4,"P387",17.859,8.077,-2.306
"BOEM23-018_2023-09-25_1","BOEM23-018",1,2023-09-25,42.5,34.3463692,-119.5613235,"Saxicavella pacifica",4,"P454",54.819,23.692,59.537
"BOEM23-018_2023-09-25_1","BOEM23-018",1,2023-09-25,42.5,34.3463692,-119.5613235,"Ampelisca sp",4,NA,NA,NA,NA
"BOEM23-018_2023-09-25_1","BOEM23-018",1,2023-09-25,42.5,34.3463692,-119.5613235,"Ophiuroidea",4,NA,NA,NA,NA
"BOEM23-018_2023-09-25_1","BOEM23-018",1,2023-09-25,42.5,34.3463692,-119.5613235,"Axinopsida serricata",3,"P079",69.746,26.965,60.36
"BOEM23-018_2023-09-25_1","BOEM23-018",1,2023-09-25,42.5,34.3463692,-119.5613235,"Listriella goleta",3,"P261",60.718,63.1,61.731
"BOEM23-018_2023-09-25_1","BOEM23-018",1,2023-09-25,42.5,34.3463692,-119.5613235,"Caecognathia crenulatifrons",3,"P212",18.382,22.647,9.44
"BOEM23-018_2023-09-25_1","BOEM23-018",1,2023-09-25,42.5,34.3463692,-119.5613235,"Mediomastus sp",3,"P288",96.325,59.255,20.534
"BOEM23-018_2023-09-25_1","BOEM23-018",1,2023-09-25,42.5,34.3463692,-119.5613235,"Paradiopatra parva",3,"P365",10.703,-21.642,11.832
"BOEM23-018_2023-09-25_1","BOEM23-018",1,2023-09-25,42.5,34.3463692,-119.5613235,"Malmgreniella baschi",3,"P284",24.334,-2.573,9.459
"BOEM23-018_2023-09-25_1","BOEM23-018",1,2023-09-25,42.5,34.3463692,-119.5613235,"Paraprionospio alata",3,"P373",10.608,21.746,38.608
"BOEM23-018_2023-09-25_1","BOEM23-018",1,2023-09-25,42.5,34.3463692,-119.5613235,"Sternaspis affinis",3,"P483",34.246,-17.301,-1.458
"BOEM23-018_2023-09-25_1","BOEM23-018",1,2023-09-25,42.5,34.3463692,-119.5613235,"Trichobranchus hancocki",3,"P072",3.053,-9.908,-26.748
"BOEM23-018_2023-09-25_1","BOEM23-018",1,2023-09-25,42.5,34.3463692,-119.5613235,"Listriolobus pelodes",2,"P263",83.859,38.606,63.699
"BOEM23-018_2023-09-25_1","BOEM23-018",1,2023-09-25,42.5,34.3463692,-119.5613235,"Tubulanidae",2,NA,NA,NA,NA
"BOEM23-018_2023-09-25_1","BOEM23-018",1,2023-09-25,42.5,34.3463692,-119.5613235,"Edwardsia sp",2,"P160",15.335,34.731,5.78
"BOEM23-018_2023-09-25_1","BOEM23-018",1,2023-09-25,42.5,34.3463692,-119.5613235,"Tellina carpenteri",2,"P499",36.785,51.344,49.099
"BOEM23-018_2023-09-25_1","BOEM23-018",1,2023-09-25,42.5,34.3463692,-119.5613235,"Compsomyax subdiaphana",2,"P126",51.791,41.184,NA
"BOEM23-018_2023-09-25_1","BOEM23-018",1,2023-09-25,42.5,34.3463692,-119.5613235,"Kurtzia arteaga",2,"P239",26.316,14.291,3.37
"BOEM23-018_2023-09-25_1","BOEM23-018",1,2023-09-25,42.5,34.3463692,-119.5613235,"Ampelisca pacifica",2,"P033",50.377,-7.966,-2.442
"BOEM23-018_2023-09-25_1","BOEM23-018",1,2023-09-25,42.5,34.3463692,-119.5613235,"Byblis millsi",2,"P093",33.432,-4.665,-34.456
"BOEM23-018_2023-09-25_1","BOEM23-018",1,2023-09-25,42.5,34.3463692,-119.5613235,"Caprella mendax",2,NA,NA,NA,NA
"BOEM23-018_2023-09-25_1","BOEM23-018",1,2023-09-25,42.5,34.3463692,-119.5613235,"Capitella capitata Cmplx",2,"P103",67.145,83.77,89.495
"BOEM23-018_2023-09-25_1","BOEM23-018",1,2023-09-25,42.5,34.3463692,-119.5613235,"Leodice americana",2,"P178",20.628,8.117,25.888
"BOEM23-018_2023-09-25_1","BOEM23-018",1,2023-09-25,42.5,34.3463692,-119.5613235,"Aglaophamus verrilli",2,"P015",NA,-16.538,-0.67
"BOEM23-018_2023-09-25_1","BOEM23-018",1,2023-09-25,42.5,34.3463692,-119.5613235,"Cerebratulus californiensis",1,NA,NA,NA,NA
"BOEM23-018_2023-09-25_1","BOEM23-018",1,2023-09-25,42.5,34.3463692,-119.5613235,"Bivalvia",1,NA,NA,NA,NA
"BOEM23-018_2023-09-25_1","BOEM23-018",1,2023-09-25,42.5,34.3463692,-119.5613235,"Lyonsia sp",1,NA,NA,NA,NA
"BOEM23-018_2023-09-25_1","BOEM23-018",1,2023-09-25,42.5,34.3463692,-119.5613235,"Pandora sp",1,NA,NA,NA,NA
"BOEM23-018_2023-09-25_1","BOEM23-018",1,2023-09-25,42.5,34.3463692,-119.5613235,"Crenella decussata",1,"P134",35.883,8.859,NA
"BOEM23-018_2023-09-25_1","BOEM23-018",1,2023-09-25,42.5,34.3463692,-119.5613235,"Ennucula tenuis",1,"P161",15.558,-0.374,-4.549
"BOEM23-018_2023-09-25_1","BOEM23-018",1,2023-09-25,42.5,34.3463692,-119.5613235,"Macoma sp",1,NA,NA,NA,NA
"BOEM23-018_2023-09-25_1","BOEM23-018",1,2023-09-25,42.5,34.3463692,-119.5613235,"Leptosynapta sp",1,"P495",4.292,-11.242,-20.577
"BOEM23-018_2023-09-25_1","BOEM23-018",1,2023-09-25,42.5,34.3463692,-119.5613235,"Molpadia intermedia",1,"P305",NA,-13.403,8.242
"BOEM23-018_2023-09-25_1","BOEM23-018",1,2023-09-25,42.5,34.3463692,-119.5613235,"Glottidia albida",1,"P205",7.386,10.9,NA
"BOEM23-018_2023-09-25_1","BOEM23-018",1,2023-09-25,42.5,34.3463692,-119.5613235,"Oedicerotidae",1,NA,NA,NA,NA
"BOEM23-018_2023-09-25_1","BOEM23-018",1,2023-09-25,42.5,34.3463692,-119.5613235,"Westwoodilla tone",1,"P520",40.419,17.582,2.474
"BOEM23-018_2023-09-25_1","BOEM23-018",1,2023-09-25,42.5,34.3463692,-119.5613235,"Chondrochelia dubia Cmplx",1,"P251",11.923,6.554,-22.34
"BOEM23-018_2023-09-25_1","BOEM23-018",1,2023-09-25,42.5,34.3463692,-119.5613235,"Ophiura luetkenii",1,"P347",NA,-7.506,-21.85
"BOEM23-018_2023-09-25_1","BOEM23-018",1,2023-09-25,42.5,34.3463692,-119.5613235,"Rhodine bitorquata",1,"P446",NA,-20.808,2.364
"BOEM23-018_2023-09-25_1","BOEM23-018",1,2023-09-25,42.5,34.3463692,-119.5613235,"Aphrodita sp",1,"P060",11.378,3.34,NA
"BOEM23-018_2023-09-25_1","BOEM23-018",1,2023-09-25,42.5,34.3463692,-119.5613235,"Glycera nana",1,"P208",50.612,39.829,53.637
"BOEM23-018_2023-09-25_1","BOEM23-018",1,2023-09-25,42.5,34.3463692,-119.5613235,"Eranno lagunae",1,"P167",32.367,-7.724,41.836
"BOEM23-018_2023-09-25_1","BOEM23-018",1,2023-09-25,42.5,34.3463692,-119.5613235,"Phyllodoce groenlandica",1,"P391",6.246,35.74,34.881
"BOEM23-018_2023-09-25_1","BOEM23-018",1,2023-09-25,42.5,34.3463692,-119.5613235,"Sthenelais berkeleyi",1,"P484",12.792,3.433,3.813
"BOEM23-018_2023-09-25_1","BOEM23-018",1,2023-09-25,42.5,34.3463692,-119.5613235,"Glyphanostomum pallescens",1,NA,NA,NA,NA
"BOEM23-018_2023-09-25_1","BOEM23-018",1,2023-09-25,42.5,34.3463692,-119.5613235,"Melinna oculata",1,"P294",12.891,31.649,-2.05
"BOEM23-018_2023-09-25_1","BOEM23-018",1,2023-09-25,42.5,34.3463692,-119.5613235,"Pectinaria californiensis",1,"P378",40.764,28.054,31.229
"BOEM23-018_2023-09-25_1","BOEM23-018",1,2023-09-25,42.5,34.3463692,-119.5613235,"Dipolydora socialis",1,"P419",18.707,28.911,-0.352
"BOEM23-018_2023-09-25_1","BOEM23-018",1,2023-09-25,42.5,34.3463692,-119.5613235,"Levinsenia gracilis",1,"P258",59.141,25.039,12.643
"BOEM23-018_2023-09-25_1","BOEM23-018",1,2023-09-25,42.5,34.3463692,-119.5613235,"Antalis pretiosa",1,NA,NA,NA,NA
"BOEM23-019_2023-09-27_1","BOEM23-019",1,2023-09-27,40.2,34.34772514,-119.5449611,"Ophiuroidea",3,NA,NA,NA,NA
"BOEM23-019_2023-09-27_1","BOEM23-019",1,2023-09-27,40.2,34.34772514,-119.5449611,"Amphiodia digitata",2,"P046",48.713,-8.565,-12.225
"BOEM23-019_2023-09-27_1","BOEM23-019",1,2023-09-27,40.2,34.34772514,-119.5449611,"Nuculana sp A",1,NA,NA,NA,NA
"BOEM23-019_2023-09-27_1","BOEM23-019",1,2023-09-27,40.2,34.34772514,-119.5449611,"Molpadia intermedia",1,"P305",NA,-13.403,8.242
"BOEM23-019_2023-09-27_1","BOEM23-019",1,2023-09-27,40.2,34.34772514,-119.5449611,"Antalis pretiosa",1,NA,NA,NA,NA
"BOEM23-019_2023-09-27_1","BOEM23-019",1,2023-09-27,40.2,34.34772514,-119.5449611,"Virgulariidae",0,NA,NA,NA,NA
"BOEM23-020_2023-09-27_1","BOEM23-020",1,2023-09-27,45,34.3423868,-119.5641254,"Amphiodia digitata",6,"P046",48.713,-8.565,-12.225
"BOEM23-020_2023-09-27_1","BOEM23-020",1,2023-09-27,45,34.3423868,-119.5641254,"Haliophasma geminata",2,NA,NA,NA,NA
"djg-001_1975-06-07_1","djg-001",1,1975-06-07,56,34.17742348,-119.4785067,"NoOrganismsPresent",0,NA,NA,NA,NA
"djg-002_2023-09-26_1","djg-002",1,2023-09-26,400,34.32262914,-119.5519662,"Tellina carpenteri",8,"P499",36.785,51.344,49.099
"djg-002_2023-09-26_1","djg-002",1,2023-09-26,400,34.32262914,-119.5519662,"Hippomedon sp",5,"P231",-20.043,-2.868,-8.715
"djg-002_2023-09-26_1","djg-002",1,2023-09-26,400,34.32262914,-119.5519662,"Ampelisca sp",4,NA,NA,NA,NA
"djg-002_2023-09-26_1","djg-002",1,2023-09-26,400,34.32262914,-119.5519662,"Photis sp",4,"P388",14.734,7.944,-9.399
"djg-002_2023-09-26_1","djg-002",1,2023-09-26,400,34.32262914,-119.5519662,"Spatangoida",3,NA,NA,NA,NA
"djg-002_2023-09-26_1","djg-002",1,2023-09-26,400,34.32262914,-119.5519662,"Rhepoxynius bicuspidatus",3,"P440",12.528,-15.022,-16.271
"djg-002_2023-09-26_1","djg-002",1,2023-09-26,400,34.32262914,-119.5519662,"Amphipoda",2,NA,NA,NA,NA
"djg-002_2023-09-26_1","djg-002",1,2023-09-26,400,34.32262914,-119.5519662,"Diastylis crenellata",2,"P150",NA,0.532,8.117
"djg-002_2023-09-26_1","djg-002",1,2023-09-26,400,34.32262914,-119.5519662,"Cuspidaria parapodema",1,"P138",NA,18.095,20.746
"djg-002_2023-09-26_1","djg-002",1,2023-09-26,400,34.32262914,-119.5519662,"Axinopsida serricata",1,"P079",69.746,26.965,60.36
"djg-002_2023-09-26_1","djg-002",1,2023-09-26,400,34.32262914,-119.5519662,"Ampelisca hancocki",1,"P030",22.386,-10.34,-11.71
"djg-002_2023-09-26_1","djg-002",1,2023-09-26,400,34.32262914,-119.5519662,"Tritella tenuissima",1,NA,NA,NA,NA
"djg-003_2023-09-26_1","djg-003",1,2023-09-26,123,34.550066,-120.673011,"Tellina carpenteri",8,"P499",36.785,51.344,49.099
"djg-003_2023-09-26_1","djg-003",1,2023-09-26,123,34.550066,-120.673011,"Hippomedon sp",5,"P231",-20.043,-2.868,-8.715
"djg-003_2023-09-26_1","djg-003",1,2023-09-26,123,34.550066,-120.673011,"Ampelisca sp",4,NA,NA,NA,NA
"djg-003_2023-09-26_1","djg-003",1,2023-09-26,123,34.550066,-120.673011,"Phottis sp",4,NA,NA,NA,NA
"djg-003_2023-09-26_1","djg-003",1,2023-09-26,123,34.550066,-120.673011,"Spatangoida",3,NA,NA,NA,NA
"djg-003_2023-09-26_1","djg-003",1,2023-09-26,123,34.550066,-120.673011,"Rhepoxynius bicuspidatum",3,NA,NA,NA,NA
"djg-003_2023-09-26_1","djg-003",1,2023-09-26,123,34.550066,-120.673011,"Amphipoda",2,NA,NA,NA,NA
"djg-003_2023-09-26_1","djg-003",1,2023-09-26,123,34.550066,-120.673011,"Diastylis crenellata",2,"P150",NA,0.532,8.117
"djg-003_2023-09-26_1","djg-003",1,2023-09-26,123,34.550066,-120.673011,"Cuspidaria parapodema",1,"P138",NA,18.095,20.746
"djg-003_2023-09-26_1","djg-003",1,2023-09-26,123,34.550066,-120.673011,"Axinopsida serriwrongname",1,NA,NA,NA,NA
"djg-003_2023-09-26_1","djg-003",1,2023-09-26,123,34.550066,-120.673011,"Ampelisca hancocki",1,"P030",22.386,-10.34,-11.71
"djg-003_2023-09-26_1","djg-003",1,2023-09-26,123,34.550066,-120.673011,"Tritella tenuissima",1,NA,NA,NA,NA
